StateAbbr,StateDesc,CountyName,CountyFIPS
NC,North Carolina,Warren,37185
SC,South Carolina,Aiken,45003
SC,South Carolina,Calhoun,45017
SC,South Carolina,Darlington,45031
SC,South Carolina,Florence,45041
SC,South Carolina,Saluda,45081
SD,South Dakota,Moody,46101
VA,Virginia,Nelson,51125
OK,Oklahoma,Jackson,40065
IL,Illinois,Lawrence,17101
KS,Kansas,Barton,20009
AK,Alaska,Anchorage,2020
OK,Oklahoma,Stephens,40137
WV,West Virginia,Mingo,54059
MN,Minnesota,Carlton,27017
NE,Nebraska,Butler,31023
KY,Kentucky,Green,21087
VA,Virginia,Alleghany,51005
TX,Texas,Hidalgo,48215
MO,Missouri,Stone,29209
MO,Missouri,Cass,29037
TN,Tennessee,Fentress,47049
IA,Iowa,Clay,19041
NY,New York,Suffolk,36103
MN,Minnesota,Freeborn,27047
NE,Nebraska,Nuckolls,31129
OH,Ohio,Medina,39103
MS,Mississippi,Claiborne,28021
IL,Illinois,Hardin,17069
TX,Texas,Gray,48179
KY,Kentucky,Elliott,21063
MS,Mississippi,Tate,28137
FL,Florida,Okaloosa,12091
TX,Texas,Terrell,48443
MN,Minnesota,Otter Tail,27111
AR,Arkansas,Greene,5055
VA,Virginia,Powhatan,51145
NM,New Mexico,Socorro,35053
ME,Maine,Waldo,23027
LA,Louisiana,Union,22111
PA,Pennsylvania,Pike,42103
PA,Pennsylvania,Washington,42125
WI,Wisconsin,Burnett,55013
IN,Indiana,Porter,18127
SC,South Carolina,Horry,45051
AZ,Arizona,Greenlee,4011
WV,West Virginia,Harrison,54033
OH,Ohio,Portage,39133
OK,Oklahoma,Adair,40001
MS,Mississippi,Panola,28107
ND,North Dakota,Sheridan,38083
MT,Montana,Phillips,30071
UT,Utah,Box Elder,49003
OH,Ohio,Guernsey,39059
NH,New Hampshire,Coos,33007
ND,North Dakota,Bowman,38011
PA,Pennsylvania,Crawford,42039
GA,Georgia,Lumpkin,13187
MO,Missouri,Ozark,29153
KY,Kentucky,Union,21225
FL,Florida,Hillsborough,12057
NE,Nebraska,Saline,31151
SD,South Dakota,Oglala Lakota,46102
VA,Virginia,Mathews,51115
MI,Michigan,Baraga,26013
IA,Iowa,Louisa,19115
KS,Kansas,Doniphan,20043
VA,Virginia,Covington,51580
FL,Florida,Dixie,12029
IL,Illinois,Hancock,17067
KY,Kentucky,Gallatin,21077
CO,Colorado,Bent,8011
TN,Tennessee,Hardin,47071
NC,North Carolina,Brunswick,37019
KS,Kansas,Bourbon,20011
NY,New York,Delaware,36025
MN,Minnesota,Anoka,27003
UT,Utah,Iron,49021
TX,Texas,Falls,48145
GA,Georgia,Tattnall,13267
NY,New York,Jefferson,36045
TN,Tennessee,Rhea,47143
SD,South Dakota,Ziebach,46137
TN,Tennessee,Loudon,47105
KY,Kentucky,Nicholas,21181
KS,Kansas,Pottawatomie,20149
GA,Georgia,Jenkins,13165
TX,Texas,Cherokee,48073
CA,California,Sonoma,6097
TX,Texas,Brewster,48043
KS,Kansas,Linn,20107
AL,Alabama,Autauga,1001
ME,Maine,Cumberland,23005
IN,Indiana,Union,18161
ID,Idaho,Benewah,16009
IL,Illinois,Peoria,17143
NM,New Mexico,Sandoval,35043
MI,Michigan,Ogemaw,26129
NC,North Carolina,Onslow,37133
NC,North Carolina,Mitchell,37121
AK,Alaska,Prince of Wales-Hyder,2198
MO,Missouri,Mississippi,29133
PA,Pennsylvania,Lawrence,42073
MO,Missouri,New Madrid,29143
KY,Kentucky,Whitley,21235
NE,Nebraska,Furnas,31065
GA,Georgia,McIntosh,13191
FL,Florida,Lafayette,12067
PA,Pennsylvania,Blair,42013
SD,South Dakota,Beadle,46005
NY,New York,Monroe,36055
MD,Maryland,Charles,24017
OH,Ohio,Henry,39069
NV,Nevada,Elko,32007
GA,Georgia,Carroll,13045
KS,Kansas,Sheridan,20179
AR,Arkansas,Pulaski,5119
MD,Maryland,Somerset,24039
GA,Georgia,Tift,13277
LA,Louisiana,St. Helena,22091
PA,Pennsylvania,Wyoming,42131
TN,Tennessee,Trousdale,47169
ID,Idaho,Lincoln,16063
WA,Washington,Okanogan,53047
IN,Indiana,Pulaski,18131
WI,Wisconsin,Iron,55051
NC,North Carolina,Franklin,37069
KY,Kentucky,Breathitt,21025
OR,Oregon,Clackamas,41005
OH,Ohio,Shelby,39149
VA,Virginia,Petersburg,51730
MO,Missouri,Wright,29229
MS,Mississippi,Bolivar,28011
AR,Arkansas,Boone,5009
OH,Ohio,Ottawa,39123
IL,Illinois,Stephenson,17177
IN,Indiana,Howard,18067
MI,Michigan,Montmorency,26119
NY,New York,Tompkins,36109
CA,California,Plumas,6063
CO,Colorado,Kit Carson,8063
OR,Oregon,Marion,41047
TX,Texas,Hardin,48199
KY,Kentucky,Madison,21151
VT,Vermont,Caledonia,50005
MO,Missouri,Grundy,29079
TX,Texas,Jeff Davis,48243
TN,Tennessee,Perry,47135
SD,South Dakota,Dewey,46041
SD,South Dakota,Hyde,46069
VA,Virginia,Tazewell,51185
OH,Ohio,Defiance,39039
MS,Mississippi,Lincoln,28085
TX,Texas,Zavala,48507
NM,New Mexico,Lea,35025
TX,Texas,Kleberg,48273
MT,Montana,Hill,30041
KY,Kentucky,Allen,21003
TX,Texas,Archer,48009
WV,West Virginia,Upshur,54097
WA,Washington,Adams,53001
TX,Texas,Ector,48135
MS,Mississippi,Adams,28001
MS,Mississippi,Grenada,28043
CT,Connecticut,Fairfield,9001
VA,Virginia,Staunton,51790
MO,Missouri,Ralls,29173
NC,North Carolina,Jackson,37099
PA,Pennsylvania,Bedford,42009
WI,Wisconsin,Racine,55101
IN,Indiana,Lake,18089
KY,Kentucky,Mason,21161
TX,Texas,Live Oak,48297
MO,Missouri,Madison,29123
TX,Texas,McCulloch,48307
ND,North Dakota,McHenry,38049
AL,Alabama,Bullock,1011
NE,Nebraska,Rock,31149
WI,Wisconsin,Trempealeau,55121
IA,Iowa,Story,19169
WV,West Virginia,Lewis,54041
MD,Maryland,Howard,24027
GA,Georgia,Glynn,13127
AR,Arkansas,Clark,5019
OH,Ohio,Montgomery,39113
PA,Pennsylvania,Lehigh,42077
CO,Colorado,Archuleta,8007
MO,Missouri,Warren,29219
OH,Ohio,Sandusky,39143
VA,Virginia,Carroll,51035
LA,Louisiana,LaSalle,22059
FL,Florida,Sumter,12119
MI,Michigan,Kalamazoo,26077
IA,Iowa,Wapello,19179
GA,Georgia,Evans,13109
IL,Illinois,Marion,17121
GA,Georgia,Seminole,13253
SD,South Dakota,Deuel,46039
NC,North Carolina,Sampson,37163
NJ,New Jersey,Union,34039
VA,Virginia,Giles,51071
MO,Missouri,Johnson,29101
IL,Illinois,De Witt,17039
NE,Nebraska,Greeley,31077
CO,Colorado,Grand,8049
NJ,New Jersey,Cumberland,34011
IL,Illinois,Saline,17165
MI,Michigan,St. Joseph,26149
CA,California,Lake,6033
IL,Illinois,Bond,17005
MS,Mississippi,Lamar,28073
KY,Kentucky,Harrison,21097
IA,Iowa,Page,19145
LA,Louisiana,West Baton Rouge,22121
MO,Missouri,Audrain,29007
MO,Missouri,Camden,29029
AL,Alabama,Chilton,1021
OK,Oklahoma,Roger Mills,40129
NE,Nebraska,Keya Paha,31103
WV,West Virginia,Marshall,54051
KY,Kentucky,Monroe,21171
NJ,New Jersey,Ocean,34029
MS,Mississippi,Holmes,28051
NE,Nebraska,Clay,31035
NJ,New Jersey,Essex,34013
MT,Montana,Dawson,30021
FL,Florida,Walton,12131
FL,Florida,Wakulla,12129
AL,Alabama,Russell,1113
NE,Nebraska,Antelope,31003
WY,Wyoming,Big Horn,56003
WI,Wisconsin,Barron,55005
LA,Louisiana,Jackson,22049
TX,Texas,Garza,48169
TX,Texas,Menard,48327
NV,Nevada,Lyon,32019
MI,Michigan,Van Buren,26159
GA,Georgia,Walton,13297
WV,West Virginia,Greenbrier,54025
ND,North Dakota,Steele,38091
WY,Wyoming,Sheridan,56033
HI,Hawaii,Maui,15009
AR,Arkansas,Independence,5063
TX,Texas,Sutton,48435
VA,Virginia,Charlottesville,51540
WV,West Virginia,Wirt,54105
NE,Nebraska,Sherman,31163
NY,New York,Putnam,36079
GA,Georgia,Pike,13231
OK,Oklahoma,Okfuskee,40107
LA,Louisiana,St. Tammany,22103
ND,North Dakota,Cavalier,38019
IA,Iowa,Bremer,19017
SC,South Carolina,Abbeville,45001
IN,Indiana,Dubois,18037
TN,Tennessee,DeKalb,47041
VA,Virginia,Lynchburg,51680
MI,Michigan,Leelanau,26089
OK,Oklahoma,Cherokee,40021
TN,Tennessee,Campbell,47013
NY,New York,St. Lawrence,36089
TX,Texas,Rains,48379
GA,Georgia,Lanier,13173
MI,Michigan,Allegan,26005
IA,Iowa,Davis,19051
MN,Minnesota,Clay,27027
TN,Tennessee,Lauderdale,47097
TX,Texas,Hays,48209
OK,Oklahoma,Kiowa,40075
MI,Michigan,Hillsdale,26059
IN,Indiana,Allen,18003
NC,North Carolina,Davie,37059
NC,North Carolina,Yadkin,37197
TN,Tennessee,Hamblen,47063
NV,Nevada,Washoe,32031
MN,Minnesota,Hubbard,27057
WY,Wyoming,Campbell,56005
IN,Indiana,Martin,18101
KS,Kansas,Ellis,20051
MT,Montana,Roosevelt,30085
TX,Texas,Dawson,48115
VA,Virginia,Shenandoah,51171
KS,Kansas,Marion,20115
KY,Kentucky,Logan,21141
NC,North Carolina,New Hanover,37129
VA,Virginia,Cumberland,51049
FL,Florida,Glades,12043
ND,North Dakota,Williams,38105
GA,Georgia,Webster,13307
MN,Minnesota,Lincoln,27081
AR,Arkansas,Lonoke,5085
OK,Oklahoma,Comanche,40031
MO,Missouri,Clinton,29049
MA,Massachusetts,Franklin,25011
KS,Kansas,Jackson,20085
SC,South Carolina,Williamsburg,45089
MS,Mississippi,Pontotoc,28115
IL,Illinois,Pope,17151
TX,Texas,Crockett,48105
IA,Iowa,Hancock,19081
AR,Arkansas,Scott,5127
KY,Kentucky,Rowan,21205
GA,Georgia,Butts,13035
MD,Maryland,Calvert,24009
NE,Nebraska,York,31185
WI,Wisconsin,Sauk,55111
KS,Kansas,Cherokee,20021
AR,Arkansas,Yell,5149
NY,New York,Chemung,36015
OR,Oregon,Deschutes,41017
SC,South Carolina,McCormick,45065
KY,Kentucky,Bourbon,21017
TX,Texas,Rusk,48401
WA,Washington,Klickitat,53039
OH,Ohio,Ashtabula,39007
TN,Tennessee,Blount,47009
NC,North Carolina,Craven,37049
TN,Tennessee,Moore,47127
MI,Michigan,Calhoun,26025
LA,Louisiana,Concordia,22029
TX,Texas,Wharton,48481
TX,Texas,Burleson,48051
NJ,New Jersey,Hudson,34017
AL,Alabama,Lowndes,1085
WA,Washington,Stevens,53065
OR,Oregon,Lane,41039
MN,Minnesota,Traverse,27155
NJ,New Jersey,Passaic,34031
MO,Missouri,Ste. Genevieve,29186
IN,Indiana,Warren,18171
MS,Mississippi,Lee,28081
IN,Indiana,Crawford,18025
ND,North Dakota,Mountrail,38061
IA,Iowa,Jones,19105
GA,Georgia,Clayton,13063
AL,Alabama,DeKalb,1049
KS,Kansas,Scott,20171
IA,Iowa,Woodbury,19193
WI,Wisconsin,Monroe,55081
KY,Kentucky,Hopkins,21107
CO,Colorado,Morgan,8087
MT,Montana,Gallatin,30031
ND,North Dakota,Hettinger,38041
NC,North Carolina,Hertford,37091
MT,Montana,Valley,30105
MT,Montana,Stillwater,30095
NC,North Carolina,Durham,37063
VA,Virginia,Page,51139
MN,Minnesota,Martin,27091
MT,Montana,Broadwater,30007
MN,Minnesota,Stearns,27145
CO,Colorado,San Miguel,8113
OH,Ohio,Jackson,39079
WY,Wyoming,Washakie,56043
NE,Nebraska,Platte,31141
MS,Mississippi,Warren,28149
FL,Florida,Alachua,12001
OK,Oklahoma,Love,40085
ID,Idaho,Caribou,16029
MN,Minnesota,Nobles,27105
TN,Tennessee,Warren,47177
SD,South Dakota,Lake,46079
OH,Ohio,Franklin,39049
VA,Virginia,Appomattox,51011
MO,Missouri,Iron,29093
NC,North Carolina,Robeson,37155
VT,Vermont,Windsor,50027
GA,Georgia,Echols,13101
NM,New Mexico,Eddy,35015
OK,Oklahoma,Blaine,40011
AL,Alabama,Lamar,1075
NC,North Carolina,Camden,37029
MO,Missouri,Franklin,29071
MI,Michigan,Iosco,26069
NE,Nebraska,Kearney,31099
TX,Texas,Bailey,48017
SD,South Dakota,McPherson,46089
MA,Massachusetts,Plymouth,25023
MT,Montana,Liberty,30051
MS,Mississippi,Yazoo,28163
AL,Alabama,Elmore,1051
MI,Michigan,Emmet,26047
VA,Virginia,King William,51101
NY,New York,Westchester,36119
IL,Illinois,McLean,17113
WA,Washington,Clallam,53009
CO,Colorado,Crowley,8025
TX,Texas,Kent,48263
GA,Georgia,Bacon,13005
MT,Montana,Mineral,30061
AL,Alabama,Perry,1105
KY,Kentucky,Laurel,21125
MS,Mississippi,Chickasaw,28017
IN,Indiana,Greene,18055
MI,Michigan,Missaukee,26113
AL,Alabama,Cleburne,1029
NE,Nebraska,Lincoln,31111
TX,Texas,Freestone,48161
SC,South Carolina,Chesterfield,45025
VA,Virginia,Bristol,51520
WV,West Virginia,Pocahontas,54075
ID,Idaho,Elmore,16039
NJ,New Jersey,Sussex,34037
MS,Mississippi,Jackson,28059
TX,Texas,Somervell,48425
VT,Vermont,Orange,50017
NC,North Carolina,Wayne,37191
ND,North Dakota,Walsh,38099
AR,Arkansas,Woodruff,5147
TX,Texas,Newton,48351
NV,Nevada,Storey,32029
WY,Wyoming,Natrona,56025
NE,Nebraska,Box Butte,31013
MI,Michigan,Oscoda,26135
WI,Wisconsin,Waushara,55137
TX,Texas,Leon,48289
IN,Indiana,Fountain,18045
SC,South Carolina,Greenwood,45047
IN,Indiana,Wayne,18177
WV,West Virginia,Wyoming,54109
PA,Pennsylvania,Fayette,42051
TX,Texas,Val Verde,48465
FL,Florida,Polk,12105
GA,Georgia,Quitman,13239
NY,New York,Rockland,36087
WI,Wisconsin,Door,55029
AZ,Arizona,Yuma,4027
TX,Texas,Pecos,48371
NC,North Carolina,Catawba,37035
TN,Tennessee,Robertson,47147
MN,Minnesota,Cottonwood,27033
TN,Tennessee,Crockett,47033
NY,New York,Oneida,36065
MI,Michigan,Ionia,26067
OR,Oregon,Douglas,41019
ID,Idaho,Owyhee,16073
MN,Minnesota,Carver,27019
IL,Illinois,Effingham,17049
IA,Iowa,Jasper,19099
MO,Missouri,Dade,29057
PA,Pennsylvania,Huntingdon,42061
KS,Kansas,Franklin,20059
IN,Indiana,Boone,18011
IN,Indiana,Morgan,18109
IA,Iowa,Carroll,19027
AR,Arkansas,Conway,5029
FL,Florida,Hendry,12051
TX,Texas,Mason,48319
WY,Wyoming,Fremont,56013
NM,New Mexico,Union,35059
MI,Michigan,Wexford,26165
MI,Michigan,Mackinac,26097
OK,Oklahoma,Oklahoma,40109
MO,Missouri,St. Francois,29187
MS,Mississippi,Pearl River,28109
TX,Texas,Cochran,48079
WI,Wisconsin,Oconto,55083
TN,Tennessee,Meigs,47121
NY,New York,Cattaraugus,36009
VA,Virginia,Rockbridge,51163
KS,Kansas,Kearny,20093
FL,Florida,Liberty,12077
ME,Maine,Washington,23029
ND,North Dakota,Benson,38005
TN,Tennessee,Henderson,47077
OH,Ohio,Washington,39167
CA,California,Glenn,6021
MS,Mississippi,Scott,28123
KY,Kentucky,Letcher,21133
LA,Louisiana,Evangeline,22039
WV,West Virginia,Wetzel,54103
KS,Kansas,Mitchell,20123
TX,Texas,Terry,48445
TX,Texas,Cooke,48097
GA,Georgia,Wilcox,13315
GA,Georgia,Heard,13149
AR,Arkansas,Mississippi,5093
TX,Texas,Orange,48361
MO,Missouri,Maries,29125
SD,South Dakota,Sully,46119
NC,North Carolina,Edgecombe,37065
IA,Iowa,Des Moines,19057
TX,Texas,Montague,48337
KS,Kansas,Cloud,20029
ID,Idaho,Bonner,16017
WI,Wisconsin,Richland,55103
NM,New Mexico,Curry,35009
TX,Texas,Randall,48381
IL,Illinois,Johnson,17087
IA,Iowa,Mills,19129
NC,North Carolina,Alleghany,37005
MN,Minnesota,Rice,27131
VA,Virginia,Grayson,51077
OK,Oklahoma,Latimer,40077
SD,South Dakota,Lyman,46085
KY,Kentucky,Owsley,21189
MO,Missouri,DeKalb,29063
CA,California,Butte,6007
AL,Alabama,Crenshaw,1041
LA,Louisiana,Natchitoches,22069
MI,Michigan,Chippewa,26033
OH,Ohio,Belmont,39013
TX,Texas,Callahan,48059
MN,Minnesota,Big Stone,27011
NE,Nebraska,Keith,31101
GA,Georgia,Colquitt,13071
IA,Iowa,Scott,19163
NC,North Carolina,Alamance,37001
TX,Texas,Willacy,48489
MS,Mississippi,Wilkinson,28157
AL,Alabama,Marion,1093
MT,Montana,Deer Lodge,30023
KS,Kansas,Rooks,20163
AK,Alaska,Wrangell,2275
SD,South Dakota,Clark,46025
IL,Illinois,Clark,17023
MN,Minnesota,Kandiyohi,27067
MO,Missouri,Reynolds,29179
KY,Kentucky,Carroll,21041
CO,Colorado,Mineral,8079
IN,Indiana,Spencer,18147
NE,Nebraska,Valley,31175
MN,Minnesota,Winona,27169
IA,Iowa,Wayne,19185
WI,Wisconsin,Marinette,55075
GA,Georgia,Clay,13061
LA,Louisiana,Ascension,22005
TX,Texas,Houston,48225
VA,Virginia,Hampton,51650
FL,Florida,Broward,12011
NC,North Carolina,Halifax,37083
AR,Arkansas,Logan,5083
MO,Missouri,Putnam,29171
WV,West Virginia,Logan,54045
TN,Tennessee,White,47185
TX,Texas,Scurry,48415
CA,California,Santa Clara,6085
OK,Oklahoma,Greer,40055
ND,North Dakota,Pierce,38069
MT,Montana,Rosebud,30087
CO,Colorado,Otero,8089
NH,New Hampshire,Sullivan,33019
GA,Georgia,Glascock,13125
PA,Pennsylvania,Susquehanna,42115
NM,New Mexico,Quay,35037
MO,Missouri,Butler,29023
AL,Alabama,St. Clair,1115
WA,Washington,Whatcom,53073
DE,Delaware,Kent,10001
MN,Minnesota,Morrison,27097
NC,North Carolina,Pitt,37147
AK,Alaska,Kenai Peninsula,2122
NY,New York,Schoharie,36095
NJ,New Jersey,Cape May,34009
VA,Virginia,Franklin,51067
SD,South Dakota,Haakon,46055
TX,Texas,Bastrop,48021
KY,Kentucky,Spencer,21215
CO,Colorado,Dolores,8033
MI,Michigan,Alger,26003
NY,New York,Greene,36039
AL,Alabama,Franklin,1059
VA,Virginia,Bedford,51019
TN,Tennessee,Grainger,47057
ND,North Dakota,Grand Forks,38035
OK,Oklahoma,Marshall,40095
OR,Oregon,Jackson,41029
CA,California,Placer,6061
MO,Missouri,Bates,29013
VA,Virginia,Waynesboro,51820
OR,Oregon,Umatilla,41059
MS,Mississippi,Copiah,28029
GA,Georgia,Liberty,13179
KS,Kansas,Greenwood,20073
TX,Texas,Guadalupe,48187
NC,North Carolina,Macon,37113
GA,Georgia,Muscogee,13215
AR,Arkansas,Phillips,5107
MS,Mississippi,Smith,28129
MI,Michigan,Roscommon,26143
IN,Indiana,Owen,18119
NE,Nebraska,Burt,31021
UT,Utah,Salt Lake,49035
NE,Nebraska,Merrick,31121
ND,North Dakota,Renville,38075
IA,Iowa,Adair,19001
OH,Ohio,Paulding,39125
WI,Wisconsin,Juneau,55057
NM,New Mexico,Luna,35029
AR,Arkansas,Stone,5137
MS,Mississippi,Neshoba,28099
OH,Ohio,Lucas,39095
ID,Idaho,Teton,16081
MN,Minnesota,Polk,27119
WV,West Virginia,Brooke,54009
GA,Georgia,Floyd,13115
NC,North Carolina,Clay,37043
UT,Utah,Davis,49011
KY,Kentucky,Harlan,21095
KY,Kentucky,Webster,21233
VA,Virginia,Pulaski,51155
MT,Montana,Petroleum,30069
FL,Florida,Baker,12003
TN,Tennessee,Houston,47083
FL,Florida,Santa Rosa,12113
PA,Pennsylvania,Clarion,42031
TX,Texas,Karnes,48255
MS,Mississippi,Forrest,28035
TN,Tennessee,Fayette,47047
OR,Oregon,Tillamook,41057
IL,Illinois,Fulton,17057
MN,Minnesota,Douglas,27041
CA,California,Mono,6051
IL,Illinois,Lee,17103
CO,Colorado,Cheyenne,8017
NE,Nebraska,Dundy,31057
GA,Georgia,Meriwether,13199
LA,Louisiana,Iberville,22047
IA,Iowa,Humboldt,19091
NY,New York,New York,36061
NY,New York,Orleans,36073
OH,Ohio,Union,39159
AZ,Arizona,Pima,4019
CA,California,Trinity,6105
NY,New York,Albany,36001
VA,Virginia,Falls Church,51610
NC,North Carolina,Tyrrell,37177
AR,Arkansas,Clay,5021
GA,Georgia,Stewart,13259
LA,Louisiana,Pointe Coupee,22077
KS,Kansas,Labette,20099
PA,Pennsylvania,Northampton,42095
MN,Minnesota,Scott,27139
KY,Kentucky,Crittenden,21055
FL,Florida,Holmes,12059
ID,Idaho,Gooding,16047
PA,Pennsylvania,Cambria,42021
NE,Nebraska,Dawson,31047
TX,Texas,Bosque,48035
ND,North Dakota,Stark,38089
NC,North Carolina,Pender,37141
TX,Texas,Carson,48065
IA,Iowa,Cherokee,19035
AK,Alaska,Nome,2180
WI,Wisconsin,Pepin,55091
MO,Missouri,Scotland,29199
FL,Florida,Lake,12069
SC,South Carolina,Fairfield,45039
KS,Kansas,Republic,20157
UT,Utah,Beaver,49001
ME,Maine,Knox,23013
MI,Michigan,Mason,26105
OH,Ohio,Hamilton,39061
KY,Kentucky,Kenton,21117
IA,Iowa,Fayette,19065
ND,North Dakota,McLean,38055
KS,Kansas,Cowley,20035
GA,Georgia,McDuffie,13189
IL,Illinois,Carroll,17015
TN,Tennessee,Stewart,47161
KS,Kansas,Stanton,20187
IN,Indiana,Rush,18139
WA,Washington,Garfield,53023
AR,Arkansas,Lafayette,5073
NY,New York,Essex,36031
OH,Ohio,Coshocton,39031
LA,Louisiana,Vermilion,22113
GA,Georgia,Bibb,13021
IL,Illinois,Wabash,17185
SD,South Dakota,Brown,46013
TN,Tennessee,Carter,47019
NC,North Carolina,Granville,37077
WI,Wisconsin,Grant,55043
MN,Minnesota,Redwood,27127
CO,Colorado,Las Animas,8071
TX,Texas,Hall,48191
VA,Virginia,Buchanan,51027
PA,Pennsylvania,Lebanon,42075
VA,Virginia,Hanover,51085
MD,Maryland,Worcester,24047
AL,Alabama,Tallapoosa,1123
IL,Illinois,Jasper,17079
NC,North Carolina,Beaufort,37013
IA,Iowa,Van Buren,19177
IL,Illinois,Whiteside,17195
OK,Oklahoma,Payne,40119
IN,Indiana,Jay,18075
CA,California,San Bernardino,6071
MS,Mississippi,Marshall,28093
TN,Tennessee,Macon,47111
CO,Colorado,Pitkin,8097
KS,Kansas,Norton,20137
IA,Iowa,Pottawattamie,19155
NY,New York,Wayne,36117
TX,Texas,Anderson,48001
NM,New Mexico,Catron,35003
KY,Kentucky,Martin,21159
WV,West Virginia,Summers,54089
TX,Texas,Austin,48015
GA,Georgia,Gwinnett,13135
LA,Louisiana,Bienville,22013
AR,Arkansas,Drew,5043
MT,Montana,Lewis and Clark,30049
SD,South Dakota,Union,46127
IN,Indiana,Switzerland,18155
SD,South Dakota,Campbell,46021
WA,Washington,Pierce,53053
MN,Minnesota,Waseca,27161
TX,Texas,Wood,48499
GA,Georgia,Berrien,13019
MO,Missouri,Holt,29087
OK,Oklahoma,Bryan,40013
AK,Alaska,Sitka,2220
MN,Minnesota,Lake,27075
AR,Arkansas,Faulkner,5045
IL,Illinois,Mercer,17131
ND,North Dakota,Dunn,38025
KY,Kentucky,Bath,21011
VT,Vermont,Chittenden,50007
OR,Oregon,Wheeler,41069
GA,Georgia,Chatham,13051
MN,Minnesota,Jackson,27063
KS,Kansas,Washington,20201
UT,Utah,Tooele,49045
PA,Pennsylvania,Mercer,42085
TX,Texas,Hutchinson,48233
MS,Mississippi,Jefferson Davis,28065
AR,Arkansas,Bradley,5011
OH,Ohio,Noble,39121
TX,Texas,Trinity,48455
CA,California,Yuba,6115
MS,Mississippi,Benton,28009
NC,North Carolina,Lenoir,37107
GA,Georgia,Dawson,13085
MD,Maryland,Dorchester,24019
UT,Utah,Wayne,49055
WA,Washington,Grant,53025
AL,Alabama,Baldwin,1003
MT,Montana,Blaine,30005
KY,Kentucky,Trimble,21223
NE,Nebraska,Hitchcock,31087
MI,Michigan,Branch,26023
CO,Colorado,El Paso,8041
IA,Iowa,Madison,19121
SD,South Dakota,Harding,46063
OK,Oklahoma,Garfield,40047
MO,Missouri,Greene,29077
GA,Georgia,Richmond,13245
GA,Georgia,Troup,13285
CT,Connecticut,New Haven,9009
AK,Alaska,Fairbanks North Star,2090
TX,Texas,Refugio,48391
OK,Oklahoma,Washita,40149
NE,Nebraska,Hayes,31085
CA,California,Marin,6041
TX,Texas,Dimmit,48127
WA,Washington,Skamania,53059
VA,Virginia,Nottoway,51135
NC,North Carolina,Surry,37171
MO,Missouri,Pike,29163
TX,Texas,Webb,48479
NY,New York,Orange,36071
WA,Washington,Asotin,53003
CO,Colorado,Yuma,8125
MT,Montana,Wheatland,30107
KY,Kentucky,Meade,21163
MT,Montana,Cascade,30013
VA,Virginia,Danville,51590
ND,North Dakota,Kidder,38043
WI,Wisconsin,Price,55099
CO,Colorado,Phillips,8095
WV,West Virginia,Kanawha,54039
MD,Maryland,Kent,24029
CA,California,Solano,6095
GA,Georgia,Greene,13133
AL,Alabama,Butler,1013
KS,Kansas,Graham,20065
CO,Colorado,Baca,8009
AL,Alabama,Talladega,1121
FL,Florida,Suwannee,12121
AR,Arkansas,Calhoun,5013
GA,Georgia,Spalding,13255
KS,Kansas,Logan,20109
GA,Georgia,Emanuel,13107
VA,Virginia,Washington,51191
OK,Oklahoma,Washington,40147
IL,Illinois,Sangamon,17167
TN,Tennessee,Johnson,47091
CO,Colorado,Gunnison,8051
GA,Georgia,Twiggs,13289
NE,Nebraska,Grant,31075
TX,Texas,Crane,48103
MS,Mississippi,Lauderdale,28075
IL,Illinois,Monroe,17133
HI,Hawaii,Hawaii,15001
IA,Iowa,Audubon,19009
TX,Texas,Jim Hogg,48247
KS,Kansas,Hamilton,20075
AK,Alaska,North Slope,2185
MI,Michigan,Sanilac,26151
CA,California,Kings,6031
MD,Maryland,Cecil,24015
SD,South Dakota,Bennett,46007
OK,Oklahoma,Jefferson,40067
LA,Louisiana,Red River,22081
IN,Indiana,Posey,18129
OH,Ohio,Stark,39151
IA,Iowa,Clayton,19043
MN,Minnesota,Goodhue,27049
FL,Florida,Taylor,12123
OH,Ohio,Athens,39009
MS,Mississippi,Tippah,28139
NC,North Carolina,Cumberland,37051
NE,Nebraska,Lancaster,31109
OH,Ohio,Marion,39101
NJ,New Jersey,Hunterdon,34019
TX,Texas,Stephens,48429
CA,California,San Benito,6069
FL,Florida,Okeechobee,12093
MI,Michigan,Washtenaw,26161
GA,Georgia,Ware,13299
OR,Oregon,Morrow,41049
PA,Pennsylvania,Potter,42105
PA,Pennsylvania,Wayne,42127
WI,Wisconsin,Calumet,55015
TX,Texas,Jack,48237
AZ,Arizona,La Paz,4012
OH,Ohio,Jefferson,39081
KY,Kentucky,McLean,21149
NE,Nebraska,Sioux,31165
TN,Tennessee,Pickett,47137
TX,Texas,Hardeman,48197
UT,Utah,Millard,49027
TX,Texas,Knox,48275
NH,New Hampshire,Grafton,33009
VA,Virginia,Stafford,51179
IN,Indiana,Delaware,18035
NY,New York,Queens,36081
SD,South Dakota,Douglas,46043
OH,Ohio,Darke,39037
TX,Texas,Yoakum,48501
ND,North Dakota,Dickey,38021
MT,Montana,Powell,30077
KY,Kentucky,Jackson,21109
NE,Nebraska,Sarpy,31153
IA,Iowa,Buchanan,19019
WV,West Virginia,Taylor,54091
KY,Kentucky,Lee,21129
LA,Louisiana,St. Mary,22101
MI,Michigan,Lapeer,26087
TN,Tennessee,Clay,47027
TX,Texas,Loving,48301
TX,Texas,Eastland,48133
FL,Florida,Duval,12031
TX,Texas,Panola,48365
PA,Pennsylvania,Cumberland,42041
SD,South Dakota,Miner,46097
MN,Minnesota,Steele,27147
NC,North Carolina,Buncombe,37021
NE,Nebraska,Pierce,31139
KS,Kansas,Douglas,20045
KS,Kansas,Osage,20139
MA,Massachusetts,Hampden,25013
KS,Kansas,Brown,20013
IN,Indiana,Marshall,18099
KY,Kentucky,Powell,21197
TX,Texas,Fort Bend,48157
TN,Tennessee,Anderson,47001
TX,Texas,Sherman,48421
IA,Iowa,Greene,19073
MN,Minnesota,Isanti,27059
TX,Texas,Childress,48075
UT,Utah,Weber,49057
PA,Pennsylvania,Berks,42011
KY,Kentucky,Cumberland,21057
IN,Indiana,Vanderburgh,18163
KY,Kentucky,Hart,21099
KS,Kansas,Morton,20129
TX,Texas,Bowie,48037
MO,Missouri,Gasconade,29073
TX,Texas,Fannin,48147
MN,Minnesota,Lyon,27083
MO,Missouri,Schuyler,29197
PA,Pennsylvania,Juniata,42067
MI,Michigan,Genesee,26049
CO,Colorado,Sedgwick,8115
CO,Colorado,Denver,8031
LA,Louisiana,Caldwell,22021
IA,Iowa,Palo Alto,19147
FL,Florida,Indian River,12061
MO,Missouri,Randolph,29175
LA,Louisiana,West Carroll,22123
AL,Alabama,Fayette,1057
NE,Nebraska,Dawes,31045
OK,Oklahoma,Atoka,40005
AL,Alabama,Lauderdale,1077
MA,Massachusetts,Barnstable,25001
IL,Illinois,Boone,17007
OK,Oklahoma,Cotton,40033
AR,Arkansas,Nevada,5099
WV,West Virginia,Monongalia,54061
MO,Missouri,Cedar,29039
NV,Nevada,Esmeralda,32009
IA,Iowa,Emmet,19063
ID,Idaho,Boundary,16021
NE,Nebraska,Cass,31025
GA,Georgia,Banks,13011
MO,Missouri,Barry,29009
CO,Colorado,Rio Grande,8105
AK,Alaska,Bethel,2050
WA,Washington,King,53033
GA,Georgia,Coweta,13077
WI,Wisconsin,Green,55045
CA,California,Contra Costa,6013
GA,Georgia,Candler,13043
IL,Illinois,Will,17197
IL,Illinois,Henderson,17071
VA,Virginia,Newport News,51700
TX,Texas,Galveston,48167
GA,Georgia,Decatur,13087
WY,Wyoming,Platte,56031
NM,New Mexico,Taos,35055
CO,Colorado,Kiowa,8061
IN,Indiana,Whitley,18183
AL,Alabama,Cullman,1043
MT,Montana,Jefferson,30043
OK,Oklahoma,Custer,40039
MN,Minnesota,Pennington,27113
AR,Arkansas,Grant,5053
ND,North Dakota,Sioux,38085
AR,Arkansas,Pike,5109
WA,Washington,Thurston,53067
IA,Iowa,Decatur,19053
OK,Oklahoma,Alfalfa,40003
VA,Virginia,Prince Edward,51147
SD,South Dakota,Perkins,46105
IN,Indiana,Henry,18065
TX,Texas,Armstrong,48011
SD,South Dakota,Jackson,46071
AL,Alabama,Henry,1067
MI,Michigan,Barry,26015
ND,North Dakota,McIntosh,38051
NY,New York,Ulster,36111
MO,Missouri,Pemiscot,29155
WA,Washington,Clark,53011
AK,Alaska,Valdez-Cordova,2261
MS,Mississippi,Hancock,28045
KS,Kansas,Ford,20057
GA,Georgia,Jefferson,13163
TN,Tennessee,Cumberland,47035
TN,Tennessee,Hawkins,47073
NC,North Carolina,Iredell,37097
CA,California,Santa Cruz,6087
IA,Iowa,Lucas,19117
TX,Texas,Walker,48471
ID,Idaho,Cassia,16031
GA,Georgia,Marion,13197
VA,Virginia,Louisa,51109
KY,Kentucky,Garrard,21079
CO,Colorado,Chaffee,8015
NY,New York,Clinton,36019
MT,Montana,Carbon,30009
CA,California,Humboldt,6023
FL,Florida,Martin,12085
MN,Minnesota,Nicollet,27103
TX,Texas,Hemphill,48211
AL,Alabama,Wilcox,1131
TX,Texas,Lipscomb,48295
NC,North Carolina,Duplin,37061
IL,Illinois,Greene,17061
TN,Tennessee,Bradley,47011
TN,Tennessee,Lawrence,47099
NC,North Carolina,Rockingham,37157
WI,Wisconsin,Oneida,55085
TX,Texas,Collin,48085
IA,Iowa,Warren,19181
IA,Iowa,Marshall,19127
TX,Texas,Lampasas,48281
MO,Missouri,Newton,29145
SC,South Carolina,Dillon,45033
VA,Virginia,Arlington,51013
GA,Georgia,Early,13099
VA,Virginia,Accomack,51001
WY,Wyoming,Sweetwater,56037
WI,Wisconsin,Florence,55037
AZ,Arizona,Cochise,4003
FL,Florida,Clay,12019
ME,Maine,Aroostook,23003
VA,Virginia,Loudoun,51107
NC,North Carolina,Montgomery,37123
NY,New York,Wyoming,36121
MI,Michigan,Ontonagon,26131
IL,Illinois,Ogle,17141
NE,Nebraska,Gage,31067
MS,Mississippi,Pike,28113
OH,Ohio,Fulton,39051
NM,New Mexico,San Juan,35045
MT,Montana,Lincoln,30053
ID,Idaho,Madison,16065
OK,Oklahoma,Texas,40139
TX,Texas,Glasscock,48173
GA,Georgia,Thomas,13275
IA,Iowa,Hardin,19083
KS,Kansas,Anderson,20003
OK,Oklahoma,Mayes,40097
LA,Louisiana,St. James,22093
GA,Georgia,Henry,13151
NY,New York,Chenango,36017
NJ,New Jersey,Morris,34027
OK,Oklahoma,Muskogee,40101
GA,Georgia,Newton,13217
MD,Maryland,St. Mary's,24037
NE,Nebraska,Arthur,31005
KY,Kentucky,Montgomery,21173
KY,Kentucky,Fleming,21069
SC,South Carolina,Chester,45023
OR,Oregon,Coos,41011
IN,Indiana,Parke,18121
WV,West Virginia,Pleasants,54073
WI,Wisconsin,Bayfield,55007
SC,South Carolina,Laurens,45059
IL,Illinois,Stark,17175
MD,Maryland,Baltimore,24005
OR,Oregon,Clatsop,41007
MS,Mississippi,Calhoun,28013
TX,Texas,Brown,48049
SC,South Carolina,Lancaster,45057
RI,Rhode Island,Newport,44005
ID,Idaho,Ada,16001
LA,Louisiana,De Soto,22031
TN,Tennessee,Morgan,47129
MI,Michigan,Manistee,26101
TX,Texas,Swisher,48437
MT,Montana,Pondera,30073
MN,Minnesota,Wabasha,27157
OR,Oregon,Lincoln,41041
OH,Ohio,Richland,39139
MI,Michigan,Muskegon,26121
IN,Indiana,Daviess,18027
GA,Georgia,Hancock,13141
WV,West Virginia,Randolph,54083
NE,Nebraska,Thurston,31173
NC,North Carolina,Chowan,37041
IA,Iowa,Keokuk,19107
FL,Florida,Brevard,12009
MO,Missouri,Ripley,29181
KS,Kansas,Sedgwick,20173
TX,Texas,Wilson,48493
KY,Kentucky,Carlisle,21039
TX,Texas,Kenedy,48261
CO,Colorado,Moffat,8081
CA,California,San Joaquin,6077
KY,Kentucky,Warren,21227
MS,Mississippi,Alcorn,28003
MN,Minnesota,Meeker,27093
PA,Pennsylvania,Allegheny,42003
MN,Minnesota,Lac qui Parle,27073
NC,North Carolina,Hoke,37093
GA,Georgia,Taylor,13269
WI,Wisconsin,Shawano,55115
MO,Missouri,Washington,29221
IN,Indiana,LaPorte,18091
PA,Pennsylvania,Sullivan,42113
ID,Idaho,Kootenai,16055
IN,Indiana,Adams,18001
KY,Kentucky,Perry,21193
TN,Tennessee,Putnam,47141
MI,Michigan,Alpena,26007
MO,Missouri,Livingston,29117
NC,North Carolina,Washington,37187
IA,Iowa,Tama,19171
OK,Oklahoma,Grant,40053
VA,Virginia,Chesterfield,51041
LA,Louisiana,Lincoln,22061
OH,Ohio,Scioto,39145
NV,Nevada,White Pine,32033
TN,Tennessee,Van Buren,47175
OH,Ohio,Morgan,39115
MI,Michigan,Kalkaska,26079
NY,New York,Kings,36047
NH,New Hampshire,Strafford,33017
MI,Michigan,Gratiot,26057
WY,Wyoming,Carbon,56007
VA,Virginia,Salem,51775
WA,Washington,Whitman,53075
DE,Delaware,New Castle,10003
SD,South Dakota,Custer,46033
IL,Illinois,McHenry,17111
KS,Kansas,Miami,20121
UT,Utah,Utah,49049
MO,Missouri,Knox,29103
NJ,New Jersey,Warren,34041
KY,Kentucky,Clark,21049
NC,North Carolina,Nash,37127
TX,Texas,Medina,48325
NM,New Mexico,Grant,35017
AR,Arkansas,Miller,5091
IL,Illinois,Douglas,17041
VA,Virginia,Richmond,51159
VA,Virginia,Clarke,51043
MN,Minnesota,Clearwater,27029
SC,South Carolina,Union,45087
MN,Minnesota,Ramsey,27123
WA,Washington,Lewis,53041
LA,Louisiana,Caddo,22017
TX,Texas,Culberson,48109
KY,Kentucky,Lyon,21143
KY,Kentucky,Wolfe,21237
TX,Texas,Polk,48373
NC,North Carolina,Rutherford,37161
MA,Massachusetts,Norfolk,25021
NY,New York,Montgomery,36057
IN,Indiana,Hamilton,18057
KS,Kansas,Stafford,20185
GA,Georgia,Burke,13033
TX,Texas,Montgomery,48339
MO,Missouri,Cape Girardeau,29031
AL,Alabama,Cherokee,1019
MO,Missouri,Sullivan,29211
TX,Texas,Morris,48343
MS,Mississippi,Hinds,28049
KY,Kentucky,Russell,21207
CA,California,Amador,6005
TN,Tennessee,Sullivan,47163
WI,Wisconsin,St. Croix,55109
NE,Nebraska,Colfax,31037
MO,Missouri,Linn,29115
KY,Kentucky,Breckinridge,21027
GA,Georgia,Atkinson,13003
NY,New York,Steuben,36101
TX,Texas,San Jacinto,48407
TX,Texas,Hill,48217
AL,Alabama,Pickens,1107
LA,Louisiana,Jefferson,22051
TX,Texas,Sabine,48403
NE,Nebraska,Otoe,31131
FL,Florida,Levy,12075
VA,Virginia,Greene,51079
TX,Texas,Bexar,48029
AR,Arkansas,Prairie,5117
WY,Wyoming,Albany,56001
WI,Wisconsin,La Crosse,55063
ID,Idaho,Valley,16085
AR,Arkansas,Howard,5061
IA,Iowa,Sac,19161
IL,Illinois,Cook,17031
NV,Nevada,Lincoln,32017
IN,Indiana,Warrick,18173
TX,Texas,Hunt,48231
GA,Georgia,Coffee,13069
LA,Louisiana,Beauregard,22011
PA,Pennsylvania,Erie,42049
GA,Georgia,Pierce,13229
WV,West Virginia,Fayette,54019
KS,Kansas,Wichita,20203
WI,Wisconsin,Dodge,55027
WI,Wisconsin,Milwaukee,55079
WV,West Virginia,Mason,54053
IA,Iowa,Montgomery,19137
MN,Minnesota,Wilkin,27167
AZ,Arizona,Yavapai,4025
FL,Florida,Citrus,12017
MO,Missouri,Pulaski,29169
GA,Georgia,Lamar,13171
CO,Colorado,Costilla,8023
TN,Tennessee,Hamilton,47065
MO,Missouri,Buchanan,29021
UT,Utah,Summit,49043
NE,Nebraska,Fillmore,31059
IA,Iowa,Winneshiek,19191
MN,Minnesota,Cook,27031
LA,Louisiana,St. John the Baptist,22095
WY,Wyoming,Weston,56045
VA,Virginia,Mecklenburg,51117
KY,Kentucky,Floyd,21071
KY,Kentucky,Nelson,21179
ND,North Dakota,Pembina,38067
GA,Georgia,Monroe,13207
MN,Minnesota,Mille Lacs,27095
AR,Arkansas,Columbia,5027
NC,North Carolina,Polk,37149
NC,North Carolina,Lee,37105
CA,California,San Luis Obispo,6079
NE,Nebraska,Boone,31011
WV,West Virginia,Doddridge,54017
SC,South Carolina,Berkeley,45015
FL,Florida,Gilchrist,12041
MI,Michigan,Newaygo,26123
KS,Kansas,Johnson,20091
AK,Alaska,Juneau,2110
ID,Idaho,Bear Lake,16007
IN,Indiana,Noble,18113
TX,Texas,Clay,48077
VA,Virginia,Bland,51021
ME,Maine,Kennebec,23011
WI,Wisconsin,Pierce,55093
NE,Nebraska,Thomas,31171
CA,California,Del Norte,6015
MS,Mississippi,Rankin,28121
GA,Georgia,Wayne,13305
IL,Illinois,Pike,17149
VA,Virginia,King George,51099
KS,Kansas,Clay,20027
IL,Illinois,Vermilion,17183
SD,South Dakota,Stanley,46117
KY,Kentucky,Menifee,21165
GA,Georgia,Lincoln,13181
MS,Mississippi,Harrison,28047
RI,Rhode Island,Kent,44003
WV,West Virginia,Jefferson,54037
TN,Tennessee,Giles,47055
OH,Ohio,Holmes,39075
IL,Illinois,Knox,17095
MS,Mississippi,Coahoma,28027
OH,Ohio,Champaign,39021
OK,Oklahoma,Rogers,40131
OR,Oregon,Wasco,41065
GA,Georgia,Treutlen,13283
NY,New York,Erie,36029
IL,Illinois,Jo Daviess,17085
MO,Missouri,Shelby,29205
NE,Nebraska,Howard,31093
GA,Georgia,Montgomery,13209
TX,Texas,Grayson,48181
WV,West Virginia,Raleigh,54081
NC,North Carolina,Hyde,37095
NM,New Mexico,Los Alamos,35028
NJ,New Jersey,Somerset,34035
OK,Oklahoma,Logan,40083
MD,Maryland,Wicomico,24045
SC,South Carolina,Marion,45067
OH,Ohio,Pike,39131
ND,North Dakota,Traill,38097
MS,Mississippi,Marion,28091
TX,Texas,Calhoun,48057
KY,Kentucky,Christian,21047
MD,Maryland,Montgomery,24031
ID,Idaho,Shoshone,16079
OH,Ohio,Lake,39085
TX,Texas,Lee,48287
NY,New York,Yates,36123
MT,Montana,Silver Bow,30093
MT,Montana,Flathead,30029
WA,Washington,Pend Oreille,53051
TN,Tennessee,Jefferson,47089
TX,Texas,Jones,48253
IL,Illinois,Schuyler,17169
KY,Kentucky,Hardin,21093
KS,Kansas,Rush,20165
LA,Louisiana,Sabine,22085
HI,Hawaii,Honolulu,15003
NE,Nebraska,Webster,31181
CA,California,Monterey,6053
IN,Indiana,Clark,18019
UT,Utah,Daggett,49009
AZ,Arizona,Apache,4001
MS,Mississippi,Franklin,28037
IL,Illinois,Franklin,17055
IA,Iowa,Jackson,19097
NM,New Mexico,Torrance,35057
WA,Washington,Jefferson,53031
MN,Minnesota,Cass,27021
PA,Pennsylvania,McKean,42083
TN,Tennessee,Sequatchie,47153
GA,Georgia,Barrow,13013
LA,Louisiana,Allen,22003
IL,Illinois,Livingston,17105
NJ,New Jersey,Burlington,34005
MI,Michigan,Ingham,26065
KY,Kentucky,Barren,21009
TN,Tennessee,Dyer,47045
VA,Virginia,Lexington,51678
OH,Ohio,Warren,39165
MO,Missouri,Taney,29213
KY,Kentucky,Simpson,21213
KS,Kansas,Trego,20195
IN,Indiana,Blackford,18009
GA,Georgia,Sumter,13261
LA,Louisiana,Plaquemines,22075
MS,Mississippi,Webster,28155
MI,Michigan,Clinton,26037
TN,Tennessee,Weakley,47183
TX,Texas,Bell,48027
MI,Michigan,Osceola,26133
WY,Wyoming,Goshen,56015
TX,Texas,Martin,48317
MS,Mississippi,Newton,28101
IN,Indiana,Knox,18083
PA,Pennsylvania,Venango,42121
MO,Missouri,Jackson,29095
MO,Missouri,Lincoln,29113
VA,Virginia,Caroline,51033
MS,Mississippi,Perry,28111
MN,Minnesota,St. Louis,27137
TN,Tennessee,Maury,47119
VA,Virginia,Dickenson,51051
TX,Texas,Fisher,48151
WI,Wisconsin,Dane,55025
MI,Michigan,Iron,26071
OK,Oklahoma,Ellis,40045
VA,Virginia,Scott,51169
SD,South Dakota,Gregory,46053
NY,New York,Broome,36007
MI,Michigan,Alcona,26001
LA,Louisiana,East Feliciana,22037
IL,Illinois,Madison,17119
NE,Nebraska,Chase,31029
NC,North Carolina,Stokes,37169
MO,Missouri,Montgomery,29139
VA,Virginia,Fluvanna,51065
OR,Oregon,Yamhill,41071
SC,South Carolina,Richland,45079
ME,Maine,York,23031
NC,North Carolina,Harnett,37085
TX,Texas,Deaf Smith,48117
TN,Tennessee,Haywood,47075
KY,Kentucky,Lewis,21135
KY,Kentucky,Johnson,21115
GA,Georgia,Haralson,13143
KS,Kansas,Thomas,20193
AR,Arkansas,Saline,5125
KS,Kansas,Edwards,20047
TN,Tennessee,Sevier,47155
ND,North Dakota,Golden Valley,38033
TN,Tennessee,Polk,47139
IN,Indiana,Fulton,18049
TX,Texas,Collingsworth,48087
NM,New Mexico,Colfax,35007
AL,Alabama,Clay,1027
NC,North Carolina,Madison,37115
AR,Arkansas,Cross,5037
NC,North Carolina,Watauga,37189
KY,Kentucky,Boyd,21019
NY,New York,Lewis,36049
VT,Vermont,Lamoille,50015
NY,New York,Schenectady,36093
WI,Wisconsin,Waupaca,55135
ID,Idaho,Custer,16037
MS,Mississippi,Itawamba,28057
VA,Virginia,Henrico,51087
TX,Texas,Wilbarger,48487
OH,Ohio,Carroll,39019
TN,Tennessee,McNairy,47109
MT,Montana,Big Horn,30003
TX,Texas,Navarro,48349
MI,Michigan,Cheboygan,26031
NE,Nebraska,Morrill,31123
WI,Wisconsin,Eau Claire,55035
NE,Nebraska,Pawnee,31133
WI,Wisconsin,Vernon,55123
NC,North Carolina,Union,37179
AL,Alabama,Limestone,1083
IN,Indiana,Vermillion,18165
WI,Wisconsin,Jefferson,55055
WV,West Virginia,Hampshire,54027
PA,Pennsylvania,Fulton,42057
OK,Oklahoma,Carter,40019
FL,Florida,Pinellas,12103
TX,Texas,Van Zandt,48467
WI,Wisconsin,Marathon,55073
GA,Georgia,Putnam,13237
IL,Illinois,Christian,17021
NV,Nevada,Pershing,32027
MN,Minnesota,Wadena,27159
MT,Montana,Meagher,30059
SD,South Dakota,Butte,46019
MO,Missouri,Hickory,29085
AR,Arkansas,Franklin,5047
MN,Minnesota,Dodge,27039
TX,Texas,Hopkins,48223
TX,Texas,Travis,48453
MS,Mississippi,Jones,28067
AK,Alaska,Dillingham,2070
NY,New York,Nassau,36059
AR,Arkansas,Crittenden,5035
FL,Florida,Hardee,12049
CA,California,Tehama,6103
ND,North Dakota,Barnes,38003
UT,Utah,Juab,49023
MN,Minnesota,Benton,27009
AZ,Arizona,Navajo,4017
CO,Colorado,Adams,8001
VA,Virginia,Franklin City,51620
MD,Maryland,Frederick,24021
IA,Iowa,Appanoose,19007
AL,Alabama,Barbour,1005
OK,Oklahoma,Wagoner,40145
NM,New Mexico,Otero,35035
KY,Kentucky,Owen,21187
KS,Kansas,Lane,20101
MI,Michigan,Berrien,26021
CO,Colorado,Fremont,8043
TX,Texas,Oldham,48359
TX,Texas,Brooks,48047
TX,Texas,Washington,48477
IL,Illinois,Jackson,17077
FL,Florida,Marion,12083
OR,Oregon,Baker,41001
IA,Iowa,Cerro Gordo,19033
CA,California,Madera,6039
OH,Ohio,Adams,39001
GA,Georgia,Rockdale,13247
CT,Connecticut,Middlesex,9007
NE,Nebraska,Harlan,31083
VA,Virginia,Northumberland,51133
KS,Kansas,Grant,20067
GA,Georgia,Whitfield,13313
MO,Missouri,Phelps,29161
IL,Illinois,Mason,17125
OH,Ohio,Columbiana,39029
IN,Indiana,Ripley,18137
NE,Nebraska,McPherson,31117
NY,New York,Genesee,36037
KY,Kentucky,Larue,21123
OH,Ohio,Harrison,39067
TX,Texas,Tom Green,48451
LA,Louisiana,Vernon,22115
WA,Washington,Franklin,53021
MI,Michigan,Midland,26111
GA,Georgia,Bleckley,13023
KY,Kentucky,Grayson,21085
SD,South Dakota,Brule,46015
MS,Mississippi,Stone,28131
ID,Idaho,Boise,16015
KY,Kentucky,Marshall,21157
SD,South Dakota,Lincoln,46083
ME,Maine,Piscataquis,23021
IL,Illinois,Richland,17159
VA,Virginia,Alexandria,51510
TN,Tennessee,Claiborne,47025
SD,South Dakota,Mellette,46095
UT,Utah,Rich,49033
NE,Nebraska,Buffalo,31019
OH,Ohio,Lorain,39093
MO,Missouri,Dent,29065
OR,Oregon,Hood River,41027
KY,Kentucky,Fayette,21067
NC,North Carolina,Avery,37011
LA,Louisiana,Terrebonne,22109
TX,Texas,Jefferson,48245
OK,Oklahoma,Pawnee,40117
MT,Montana,Golden Valley,30037
WV,West Virginia,Braxton,54007
GA,Georgia,Union,13291
TX,Texas,Hale,48189
KS,Kansas,Nemaha,20131
TX,Texas,Lamb,48279
ME,Maine,Oxford,23017
IN,Indiana,Sullivan,18153
IA,Iowa,Benton,19011
ID,Idaho,Oneida,16071
SC,South Carolina,Greenville,45045
ND,North Dakota,Burke,38013
SD,South Dakota,Turner,46125
TX,Texas,Atascosa,48013
IL,Illinois,Montgomery,17135
IN,Indiana,Floyd,18043
KS,Kansas,Allen,20001
NE,Nebraska,Scotts Bluff,31157
KS,Kansas,Harper,20077
VA,Virginia,Warren,51187
OH,Ohio,Tuscarawas,39157
OR,Oregon,Sherman,41055
OK,Oklahoma,Cleveland,40027
KS,Kansas,Crawford,20037
MI,Michigan,Luce,26095
NC,North Carolina,Caswell,37033
CO,Colorado,Routt,8107
VA,Virginia,Martinsville,51690
LA,Louisiana,Iberia,22045
TX,Texas,Schleicher,48413
MT,Montana,Toole,30101
GA,Georgia,Chattahoochee,13053
ND,North Dakota,Divide,38023
KS,Kansas,Reno,20155
IN,Indiana,Montgomery,18107
NE,Nebraska,Richardson,31147
MO,Missouri,Crawford,29055
MI,Michigan,Delta,26041
IL,Illinois,Edwards,17047
NH,New Hampshire,Belknap,33001
SD,South Dakota,Pennington,46103
WY,Wyoming,Lincoln,56023
GA,Georgia,Crawford,13079
TX,Texas,McLennan,48309
OK,Oklahoma,McIntosh,40091
GA,Georgia,Stephens,13257
LA,Louisiana,Morehouse,22067
NV,Nevada,Lander,32015
PA,Pennsylvania,Northumberland,42097
GA,Georgia,DeKalb,13089
SD,South Dakota,Hanson,46061
VA,Virginia,Spotsylvania,51177
NE,Nebraska,Dodge,31053
NE,Nebraska,Holt,31089
NC,North Carolina,Pasquotank,37139
TX,Texas,Cass,48067
KY,Kentucky,Trigg,21221
PA,Pennsylvania,Butler,42019
PA,Pennsylvania,Indiana,42063
ND,North Dakota,Slope,38087
OK,Oklahoma,Creek,40037
WV,West Virginia,Webster,54101
TX,Texas,Dickens,48125
TX,Texas,Reeves,48389
MA,Massachusetts,Bristol,25005
IA,Iowa,Fremont,19071
AR,Arkansas,Poinsett,5111
MO,Missouri,Adair,29001
AL,Alabama,Hale,1065
AL,Alabama,Houston,1069
MI,Michigan,Lake,26085
AR,Arkansas,Lawrence,5075
WI,Wisconsin,Lafayette,55065
TX,Texas,Concho,48095
NV,Nevada,Churchill,32001
VA,Virginia,Poquoson,51735
CO,Colorado,Elbert,8039
MO,Missouri,Miller,29131
NC,North Carolina,Graham,37075
AL,Alabama,Marengo,1091
IA,Iowa,Monroe,19135
AR,Arkansas,Newton,5101
IN,Indiana,Marion,18097
CO,Colorado,Larimer,8069
AL,Alabama,Washington,1129
TX,Texas,Franklin,48159
ND,North Dakota,Richland,38077
MI,Michigan,Presque Isle,26141
MO,Missouri,Worth,29227
TX,Texas,Smith,48423
ID,Idaho,Gem,16045
AR,Arkansas,Union,5139
IL,Illinois,Washington,17189
CO,Colorado,Rio Blanco,8103
WI,Wisconsin,Walworth,55127
AL,Alabama,Conecuh,1035
GA,Georgia,Forsyth,13117
VA,Virginia,Rappahannock,51157
MN,Minnesota,Pope,27121
TX,Texas,Andrews,48003
AR,Arkansas,Lee,5077
SD,South Dakota,Corson,46031
MT,Montana,Park,30067
FL,Florida,St. Lucie,12111
IN,Indiana,Jasper,18073
PA,Pennsylvania,Clearfield,42033
IL,Illinois,Calhoun,17013
ID,Idaho,Minidoka,16067
LA,Louisiana,Richland,22083
IA,Iowa,Dubuque,19061
ID,Idaho,Butte,16023
KS,Kansas,Comanche,20033
KS,Kansas,Seward,20175
AR,Arkansas,Sebastian,5131
NY,New York,Cayuga,36011
WI,Wisconsin,Green Lake,55047
TX,Texas,San Patricio,48409
GA,Georgia,Cook,13075
WA,Washington,Kitsap,53035
KY,Kentucky,Bullitt,21029
IL,Illinois,Williamson,17199
CA,California,Colusa,6011
NC,North Carolina,Currituck,37053
GA,Georgia,Bulloch,13031
OH,Ohio,Auglaize,39011
VA,Virginia,Greensville,51081
VA,Virginia,Norfolk,51710
OR,Oregon,Klamath,41035
IN,Indiana,Jackson,18071
NY,New York,Warren,36113
AL,Alabama,Dale,1045
MT,Montana,Glacier,30035
NJ,New Jersey,Mercer,34021
MN,Minnesota,Swift,27151
AL,Alabama,Madison,1089
UT,Utah,Morgan,49029
UT,Utah,Kane,49025
IA,Iowa,Kossuth,19109
LA,Louisiana,Catahoula,22025
TX,Texas,Angelina,48005
TX,Texas,King,48269
VA,Virginia,Fauquier,51061
OK,Oklahoma,Ottawa,40115
IN,Indiana,Steuben,18151
WA,Washington,Skagit,53057
MT,Montana,Judith Basin,30045
TN,Tennessee,Monroe,47123
SD,South Dakota,Hughes,46065
WI,Wisconsin,Menominee,55078
CO,Colorado,Montezuma,8083
NV,Nevada,Eureka,32011
MT,Montana,Wibaux,30109
WI,Wisconsin,Lincoln,55069
NC,North Carolina,Greene,37079
TX,Texas,Lubbock,48303
ND,North Dakota,McKenzie,38053
TN,Tennessee,Union,47173
TX,Texas,Comal,48091
MN,Minnesota,Stevens,27149
IN,Indiana,Lawrence,18093
IA,Iowa,Taylor,19173
IA,Iowa,Grundy,19075
ID,Idaho,Jerome,16053
IN,Indiana,Dearborn,18029
ID,Idaho,Latah,16057
CO,Colorado,Park,8093
MO,Missouri,Laclede,29105
VT,Vermont,Addison,50001
WA,Washington,Yakima,53077
KS,Kansas,Osborne,20141
MS,Mississippi,Amite,28005
AL,Alabama,Sumter,1119
AR,Arkansas,Carroll,5015
NM,New Mexico,Bernalillo,35001
NE,Nebraska,Jefferson,31095
SD,South Dakota,Jones,46075
TX,Texas,Red River,48387
NC,North Carolina,Randolph,37151
MO,Missouri,Gentry,29075
VT,Vermont,Washington,50023
LA,Louisiana,Cameron,22023
CO,Colorado,Lincoln,8073
CA,California,Los Angeles,6037
TX,Texas,Motley,48345
MI,Michigan,Gladwin,26051
MA,Massachusetts,Nantucket,25019
GA,Georgia,Worth,13321
MO,Missouri,Barton,29011
VA,Virginia,Augusta,51015
CO,Colorado,Delta,8029
OK,Oklahoma,Beaver,40007
AL,Alabama,Etowah,1055
WA,Washington,Columbia,53013
GA,Georgia,Chattooga,13055
IL,Illinois,Kendall,17093
MS,Mississippi,Issaquena,28055
OK,Oklahoma,Haskell,40061
AK,Alaska,Bristol Bay,2060
GA,Georgia,Baldwin,13009
LA,Louisiana,Jefferson Davis,22053
MO,Missouri,Chariton,29041
AL,Alabama,Clarke,1025
OK,Oklahoma,Pottawatomie,40125
NJ,New Jersey,Monmouth,34025
WV,West Virginia,Monroe,54063
NE,Nebraska,Cherry,31031
GA,Georgia,Franklin,13119
KS,Kansas,Kiowa,20097
WI,Wisconsin,Wood,55141
FL,Florida,Union,12125
AL,Alabama,Pike,1109
OR,Oregon,Harney,41025
ID,Idaho,Fremont,16043
ND,North Dakota,Rolette,38079
SC,South Carolina,Cherokee,45021
NE,Nebraska,Knox,31107
CT,Connecticut,New London,9011
PA,Pennsylvania,Perry,42099
WI,Wisconsin,Brown,55009
VA,Virginia,Prince George,51149
MI,Michigan,Kent,26081
PA,Pennsylvania,Westmoreland,42129
MN,Minnesota,Pine,27115
WI,Wisconsin,Kewaunee,55061
MI,Michigan,Wayne,26163
IL,Illinois,Crawford,17033
IN,Indiana,White,18181
AR,Arkansas,Jackson,5067
TX,Texas,Sterling,48431
IN,Indiana,DeKalb,18033
NY,New York,Oswego,36075
GA,Georgia,Pickens,13227
MT,Montana,Powder River,30075
VA,Virginia,Manassas Park,51685
WV,West Virginia,Gilmer,54021
NE,Nebraska,Seward,31159
KY,Kentucky,Leslie,21131
KY,Kentucky,Washington,21229
MI,Michigan,Bay,26017
ND,North Dakota,Burleigh,38015
MN,Minnesota,Dakota,27037
WY,Wyoming,Converse,56009
AL,Alabama,Monroe,1099
TN,Tennessee,Cocke,47029
TX,Texas,Waller,48473
TX,Texas,Upton,48461
GA,Georgia,Jeff Davis,13161
OH,Ohio,Clermont,39025
KY,Kentucky,Pulaski,21199
FL,Florida,Escambia,12033
TX,Texas,Parker,48367
OK,Oklahoma,Kay,40071
NH,New Hampshire,Carroll,33003
KY,Kentucky,Pike,21195
CA,California,Sutter,6101
TN,Tennessee,Greene,47059
NC,North Carolina,Bertie,37015
KS,Kansas,Gove,20063
TX,Texas,Castro,48069
IA,Iowa,Cedar,19031
AR,Arkansas,Van Buren,5141
SD,South Dakota,Walworth,46129
MI,Michigan,Grand Traverse,26055
IN,Indiana,Carroll,18015
WI,Wisconsin,Outagamie,55087
MS,Mississippi,Simpson,28127
TN,Tennessee,Knox,47093
KS,Kansas,Meade,20119
MT,Montana,Ravalli,30081
MA,Massachusetts,Hampshire,25015
TX,Texas,Cottle,48101
OK,Oklahoma,Craig,40035
SC,South Carolina,Sumter,45085
SC,South Carolina,Anderson,45007
MN,Minnesota,McLeod,27085
FL,Florida,Jackson,12063
NE,Nebraska,Dakota,31043
GA,Georgia,White,13311
AK,Alaska,Northwest Arctic,2188
AR,Arkansas,Montgomery,5097
IL,Illinois,Putnam,17155
TN,Tennessee,Sumner,47165
IN,Indiana,Randolph,18135
KS,Kansas,Smith,20183
IL,Illinois,Champaign,17019
MD,Maryland,Anne Arundel,24003
SC,South Carolina,Lee,45061
OH,Ohio,Hocking,39073
SC,South Carolina,York,45091
RI,Rhode Island,Bristol,44001
WI,Wisconsin,Rusk,55107
TN,Tennessee,Williamson,47187
CA,California,Alpine,6003
MD,Maryland,Queen Anne's,24035
TX,Texas,Rockwall,48397
OH,Ohio,Summit,39153
KS,Kansas,Clark,20025
GA,Georgia,Camden,13039
TX,Texas,Madison,48313
AR,Arkansas,St. Francis,5123
IA,Iowa,Harrison,19085
AR,Arkansas,Baxter,5005
IL,Illinois,Shelby,17173
TX,Texas,Blanco,48031
NY,New York,Livingston,36051
MS,Mississippi,Carroll,28015
MI,Michigan,Marquette,26103
TN,Tennessee,Lewis,47101
CA,California,Sacramento,6067
OK,Oklahoma,Delaware,40041
TX,Texas,Jackson,48239
OR,Oregon,Linn,41043
OH,Ohio,Knox,39083
CO,Colorado,Jefferson,8059
OR,Oregon,Crook,41013
SD,South Dakota,Edmunds,46045
TX,Texas,Harrison,48203
SD,South Dakota,Potter,46107
NC,North Carolina,Ashe,37009
TN,Tennessee,Obion,47131
WA,Washington,Wahkiakum,53069
IN,Indiana,Washington,18175
WV,West Virginia,Tucker,54093
TX,Texas,Hudspeth,48229
SD,South Dakota,Tripp,46123
LA,Louisiana,Avoyelles,22009
MO,Missouri,St. Charles,29183
NM,New Mexico,Harding,35021
KY,Kentucky,Campbell,21037
GA,Georgia,Cobb,13067
TX,Texas,Young,48503
AK,Alaska,Kusilvak,2158
MO,Missouri,Henry,29083
VA,Virginia,Surry,51181
KY,Kentucky,Jefferson,21111
IN,Indiana,Jennings,18079
MN,Minnesota,Koochiching,27071
OH,Ohio,Miami,39109
FL,Florida,Sarasota,12115
PA,Pennsylvania,Centre,42027
MO,Missouri,Texas,29215
KS,Kansas,Wilson,20205
KY,Kentucky,Ballard,21007
PA,Pennsylvania,Lycoming,42081
NC,North Carolina,Haywood,37087
WA,Washington,Benton,53005
PA,Pennsylvania,Armstrong,42005
MO,Missouri,Boone,29019
MT,Montana,Carter,30011
PA,Pennsylvania,Somerset,42111
CA,California,Shasta,6089
WI,Wisconsin,Sheboygan,55117
MO,Missouri,McDonald,29119
FL,Florida,Miami-Dade,12086
GA,Georgia,Grady,13131
AK,Alaska,Hoonah-Angoon,2105
ID,Idaho,Clark,16033
AL,Alabama,Calhoun,1015
NE,Nebraska,Phelps,31137
TX,Texas,Limestone,48293
LA,Louisiana,Livingston,22063
CO,Colorado,Alamosa,8003
OH,Ohio,Seneca,39147
VA,Virginia,Charlotte,51037
NH,New Hampshire,Rockingham,33015
VA,Virginia,Radford,51750
IN,Indiana,Johnson,18081
DE,Delaware,Sussex,10005
VA,Virginia,Roanoke City,51770
GA,Georgia,Schley,13249
IA,Iowa,Washington,19183
AL,Alabama,Lawrence,1079
IL,Illinois,McDonough,17109
KY,Kentucky,Henderson,21101
NM,New Mexico,De Baca,35011
GA,Georgia,Douglas,13097
VA,Virginia,Goochland,51075
UT,Utah,Wasatch,49051
WY,Wyoming,Teton,56039
AZ,Arizona,Coconino,4005
IL,Illinois,DuPage,17043
CO,Colorado,Summit,8117
LA,Louisiana,Calcasieu,22019
SD,South Dakota,Davison,46035
CO,Colorado,Hinsdale,8053
NE,Nebraska,Gosper,31073
WI,Wisconsin,Fond du Lac,55039
VA,Virginia,Roanoke,51161
CA,California,Mendocino,6045
MO,Missouri,Ray,29177
IL,Illinois,Brown,17009
VA,Virginia,Lee,51105
MN,Minnesota,Red Lake,27125
MS,Mississippi,Lawrence,28077
OK,Oklahoma,Seminole,40133
NC,North Carolina,Rowan,37159
MI,Michigan,Schoolcraft,26153
IA,Iowa,Plymouth,19149
OH,Ohio,Fairfield,39045
LA,Louisiana,West Feliciana,22125
KS,Kansas,Atchison,20005
NE,Nebraska,Cedar,31027
OK,Oklahoma,Murray,40099
GA,Georgia,Long,13183
VA,Virginia,Amherst,51009
IA,Iowa,Clinton,19045
OK,Oklahoma,Noble,40103
GA,Georgia,Appling,13001
NY,New York,Seneca,36099
MS,Mississippi,Tishomingo,28141
GA,Georgia,Oconee,13219
ND,North Dakota,Ramsey,38071
VT,Vermont,Grand Isle,50013
KY,Kentucky,Morgan,21175
TX,Texas,Hockley,48219
IL,Illinois,Henry,17073
TX,Texas,Tarrant,48439
IN,Indiana,Perry,18123
MN,Minnesota,Grant,27051
TX,Texas,Gaines,48165
TX,Texas,Goliad,48175
WV,West Virginia,Pendleton,54071
FL,Florida,Hernando,12053
WY,Wyoming,Park,56029
IA,Iowa,Muscatine,19139
FL,Florida,Orange,12095
WI,Wisconsin,Chippewa,55017
MO,Missouri,Oregon,29149
ID,Idaho,Adams,16003
RI,Rhode Island,Providence,44007
OH,Ohio,Wood,39173
GA,Georgia,Warren,13301
SC,South Carolina,Kershaw,45055
TX,Texas,Hartley,48205
IA,Iowa,Delaware,19055
AZ,Arizona,Maricopa,4013
IL,Illinois,Coles,17029
OH,Ohio,Putnam,39137
WI,Wisconsin,Jackson,55053
FL,Florida,Bradford,12007
MT,Montana,Musselshell,30065
ND,North Dakota,Billings,38007
UT,Utah,Carbon,49007
PA,Pennsylvania,Elk,42047
PA,Pennsylvania,Clinton,42035
NM,New Mexico,Santa Fe,35049
NE,Nebraska,Saunders,31155
ID,Idaho,Washington,16087
AR,Arkansas,Hot Spring,5059
IA,Iowa,Buena Vista,19021
NC,North Carolina,Cherokee,37039
CA,California,Napa,6055
LA,Louisiana,St. Martin,22099
IN,Indiana,Hancock,18059
TN,Tennessee,Davidson,47037
IL,Illinois,Ford,17053
TX,Texas,Victoria,48469
AK,Alaska,Southeast Fairbanks,2240
NY,New York,Ontario,36069
GA,Georgia,Madison,13195
IA,Iowa,Lyon,19119
IN,Indiana,Benton,18007
GA,Georgia,Telfair,13271
AL,Alabama,Winston,1133
WV,West Virginia,Ritchie,54085
CA,California,Tuolumne,6109
CO,Colorado,Broomfield,8014
SD,South Dakota,Minnehaha,46099
VA,Virginia,Emporia,51595
NY,New York,Columbia,36021
MN,Minnesota,Chippewa,27023
UT,Utah,Garfield,49017
TX,Texas,El Paso,48141
KY,Kentucky,Franklin,21073
KS,Kansas,Butler,20015
WV,West Virginia,Hancock,54029
LA,Louisiana,Ouachita,22073
KS,Kansas,Rawlins,20153
VA,Virginia,Lunenburg,51111
IL,Illinois,Grundy,17063
KS,Kansas,Finney,20055
MN,Minnesota,Itasca,27061
MO,Missouri,Nodaway,29147
IN,Indiana,Shelby,18145
TX,Texas,Brazoria,48039
MS,Mississippi,Quitman,28119
PA,Pennsylvania,Montgomery,42091
TX,Texas,Jim Wells,48249
KS,Kansas,Lyon,20111
KY,Kentucky,Daviess,21059
PA,Pennsylvania,Bucks,42017
TX,Texas,La Salle,48283
MI,Michigan,Oakland,26125
PA,Pennsylvania,Lackawanna,42069
TX,Texas,Cameron,48061
IL,Illinois,Piatt,17147
AR,Arkansas,Marion,5089
VA,Virginia,Galax,51640
CA,California,Imperial,6025
ME,Maine,Androscoggin,23001
MN,Minnesota,Roseau,27135
TN,Tennessee,Hancock,47067
WA,Washington,Lincoln,53043
AZ,Arizona,Santa Cruz,4023
FL,Florida,Collier,12021
SC,South Carolina,Clarendon,45027
VA,Virginia,Craig,51045
GA,Georgia,Houston,13153
KS,Kansas,Jewell,20089
KY,Kentucky,Lincoln,21137
NC,North Carolina,Moore,37125
TX,Texas,Potter,48375
VA,Virginia,Westmoreland,51193
NM,New Mexico,San Miguel,35047
KY,Kentucky,Woodford,21239
TX,Texas,Dallam,48111
NE,Nebraska,Garden,31069
KS,Kansas,Elk,20049
IL,Illinois,Union,17181
GA,Georgia,Terrell,13273
LA,Louisiana,Washington,22117
TX,Texas,Winkler,48495
KS,Kansas,Sumner,20191
OH,Ohio,Hardin,39065
SD,South Dakota,Spink,46115
MD,Maryland,Carroll,24013
AR,Arkansas,Dallas,5039
NY,New York,Dutchess,36027
MN,Minnesota,Watonwan,27165
TN,Tennessee,Chester,47023
NC,North Carolina,Gates,37073
GA,Georgia,Brantley,13025
WA,Washington,Ferry,53019
SD,South Dakota,Bon Homme,46009
MS,Mississippi,Walthall,28147
SC,South Carolina,Marlboro,45069
TX,Texas,San Augustine,48405
SD,South Dakota,Lawrence,46081
MO,Missouri,Webster,29225
NE,Nebraska,Hooker,31091
OR,Oregon,Columbia,41009
KS,Kansas,Ottawa,20143
OK,Oklahoma,Lincoln,40081
MD,Maryland,Washington,24043
IN,Indiana,Scott,18143
IA,Iowa,Guthrie,19077
VA,Virginia,Campbell,51031
OH,Ohio,Butler,39017
TX,Texas,Wichita,48485
IL,Illinois,Jersey,17083
KY,Kentucky,Henry,21103
TX,Texas,Caldwell,48055
IL,Illinois,Winnebago,17201
MI,Michigan,Charlevoix,26029
TN,Tennessee,McMinn,47107
KY,Kentucky,McCreary,21147
CO,Colorado,La Plata,8067
MS,Mississippi,Madison,28089
MO,Missouri,Howell,29091
TX,Texas,Hansford,48195
IA,Iowa,Ringgold,19159
WI,Wisconsin,Vilas,55125
OH,Ohio,Lawrence,39087
IN,Indiana,Vigo,18167
MT,Montana,Sheridan,30091
OK,Oklahoma,Canadian,40017
GA,Georgia,Hall,13139
IA,Iowa,Winnebago,19189
OH,Ohio,Erie,39043
SD,South Dakota,Buffalo,46017
KY,Kentucky,Casey,21045
LA,Louisiana,Winn,22127
CA,California,San Francisco,6075
IL,Illinois,Clinton,17027
VA,Virginia,Hopewell,51670
GA,Georgia,Bartow,13015
KS,Kansas,Wabaunsee,20197
CO,Colorado,Weld,8123
PA,Pennsylvania,Monroe,42089
AR,Arkansas,Fulton,5049
LA,Louisiana,Acadia,22001
UT,Utah,Sevier,49041
WV,West Virginia,Marion,54049
ID,Idaho,Camas,16025
NJ,New Jersey,Bergen,34003
TX,Texas,Ellis,48139
PA,Pennsylvania,Adams,42001
KY,Kentucky,Boone,21015
TX,Texas,Upshur,48459
MS,Mississippi,Kemper,28069
TX,Texas,Hood,48221
ND,North Dakota,Oliver,38065
CO,Colorado,Saguache,8109
MS,Mississippi,Wayne,28153
TX,Texas,Bee,48025
OH,Ohio,Morrow,39117
CA,California,San Mateo,6081
AL,Alabama,Bibb,1007
NE,Nebraska,Red Willow,31145
MN,Minnesota,Murray,27101
WA,Washington,Island,53029
SD,South Dakota,Hand,46059
MI,Michigan,Crawford,26039
MO,Missouri,Callaway,29027
PA,Pennsylvania,Union,42119
CO,Colorado,Garfield,8045
IA,Iowa,Marion,19125
KY,Kentucky,Todd,21219
GA,Georgia,Rabun,13241
WV,West Virginia,Clay,54015
OK,Oklahoma,Grady,40051
GA,Georgia,Elbert,13105
OK,Oklahoma,Woodward,40153
GA,Georgia,Dodge,13091
CA,California,Ventura,6111
AK,Alaska,Kodiak Island,2150
IL,Illinois,Macoupin,17117
NE,Nebraska,Hamilton,31081
KS,Kansas,Gray,20069
AR,Arkansas,Polk,5113
TX,Texas,Moore,48341
WA,Washington,Spokane,53063
NC,North Carolina,Stanly,37167
AL,Alabama,Jackson,1071
NM,New Mexico,Guadalupe,35019
OH,Ohio,Gallia,39053
VA,Virginia,King and Queen,51097
IL,Illinois,Massac,17127
TN,Tennessee,Shelby,47157
MO,Missouri,Pettis,29159
ND,North Dakota,Foster,38031
MS,Mississippi,Clay,28025
GA,Georgia,Laurens,13175
KY,Kentucky,Mercer,21167
MT,Montana,Madison,30057
WV,West Virginia,Jackson,54035
OH,Ohio,Clark,39023
IN,Indiana,Gibson,18051
NC,North Carolina,Martin,37117
KY,Kentucky,Graves,21083
OR,Oregon,Wallowa,41063
GA,Georgia,Morgan,13211
IL,Illinois,Rock Island,17161
VA,Virginia,York,51199
WV,West Virginia,Putnam,54079
VT,Vermont,Rutland,50021
MO,Missouri,Shannon,29203
NM,New Mexico,Lincoln,35027
VA,Virginia,Winchester,51840
NE,Nebraska,Brown,31017
TX,Texas,Gregg,48183
OH,Ohio,Mercer,39107
MI,Michigan,St. Clair,26147
NY,New York,Saratoga,36091
GA,Georgia,Crisp,13081
NV,Nevada,Nye,32023
LA,Louisiana,Tensas,22107
OH,Ohio,Pickaway,39129
MD,Maryland,Garrett,24023
MD,Maryland,Prince George's,24033
ID,Idaho,Power,16077
AR,Arkansas,Ouachita,5103
GA,Georgia,Upson,13293
KS,Kansas,McPherson,20113
TX,Texas,Lavaca,48285
MS,Mississippi,Sunflower,28133
WV,West Virginia,Boone,54005
IA,Iowa,Black Hawk,19013
SC,South Carolina,Allendale,45005
UT,Utah,Emery,49015
PA,Pennsylvania,Franklin,42055
IL,Illinois,Scott,17171
IL,Illinois,Morgan,17137
TX,Texas,Kendall,48259
TN,Tennessee,Jackson,47087
HI,Hawaii,Kalawao,15005
NC,North Carolina,Carteret,37031
MS,Mississippi,George,28039
KS,Kansas,Harvey,20079
ND,North Dakota,Towner,38095
FL,Florida,St. Johns,12109
CO,Colorado,Conejos,8021
VA,Virginia,Middlesex,51119
TN,Tennessee,Scott,47151
NE,Nebraska,Franklin,31061
MI,Michigan,Livingston,26093
OH,Ohio,Vinton,39163
OR,Oregon,Polk,41053
LA,Louisiana,Grant,22043
IL,Illinois,Logan,17107
CA,California,Merced,6047
GA,Georgia,Mitchell,13205
TN,Tennessee,Dickson,47043
AR,Arkansas,Ashley,5003
IA,Iowa,Crawford,19047
MO,Missouri,Cooper,29053
KY,Kentucky,Muhlenberg,21177
IN,Indiana,Monroe,18105
VA,Virginia,Fredericksburg,51630
TX,Texas,Henderson,48213
ND,North Dakota,Adams,38001
WI,Wisconsin,Ashland,55003
IL,Illinois,Edgar,17045
GA,Georgia,Talbot,13263
TX,Texas,Maverick,48323
OK,Oklahoma,Tulsa,40143
KS,Kansas,Leavenworth,20103
MN,Minnesota,Hennepin,27053
FL,Florida,Hamilton,12047
AR,Arkansas,Cleveland,5025
MS,Mississippi,Tunica,28143
SC,South Carolina,Dorchester,45035
LA,Louisiana,Madison,22065
VA,Virginia,Dinwiddie,51053
KY,Kentucky,Clay,21051
PA,Pennsylvania,Carbon,42025
TX,Texas,Coleman,48083
TX,Texas,Fayette,48149
NC,North Carolina,Pamlico,37137
FL,Florida,Leon,12073
IN,Indiana,Ohio,18115
ID,Idaho,Bannock,16005
VA,Virginia,Russell,51167
KS,Kansas,Riley,20161
GA,Georgia,Harris,13145
ME,Maine,Hancock,23009
IA,Iowa,Franklin,19069
IA,Iowa,Iowa,19095
MO,Missouri,Monroe,29137
TX,Texas,Delta,48119
CA,California,El Dorado,6017
AR,Arkansas,Jefferson,5069
KY,Kentucky,Jessamine,21113
VA,Virginia,Portsmouth,51740
TN,Tennessee,Unicoi,47171
TX,Texas,Colorado,48089
NY,New York,Fulton,36035
MO,Missouri,Mercer,29129
IN,Indiana,Tipton,18159
NV,Nevada,Clark,32003
NM,New Mexico,Cibola,35006
PA,Pennsylvania,Snyder,42109
AL,Alabama,Mobile,1097
GA,Georgia,Towns,13281
IN,Indiana,Decatur,18031
ID,Idaho,Blaine,16013
KY,Kentucky,Boyle,21021
NH,New Hampshire,Merrimack,33013
ID,Idaho,Lemhi,16059
IA,Iowa,Monona,19133
TX,Texas,Real,48385
IL,Illinois,Wayne,17191
MO,Missouri,Douglas,29067
AL,Alabama,Walker,1127
VA,Virginia,Henry,51089
MT,Montana,Beaverhead,30001
IL,Illinois,Kankakee,17091
NC,North Carolina,Perquimans,37143
SD,South Dakota,Jerauld,46073
KY,Kentucky,Estill,21065
CO,Colorado,Pueblo,8101
AL,Alabama,Coosa,1037
KY,Kentucky,Marion,21155
WI,Wisconsin,Washburn,55129
IA,Iowa,Sioux,19167
TX,Texas,Lamar,48277
IN,Indiana,Cass,18017
CO,Colorado,Logan,8075
WA,Washington,Pacific,53049
MT,Montana,Fergus,30027
SD,South Dakota,Codington,46029
LA,Louisiana,St. Bernard,22087
MA,Massachusetts,Middlesex,25017
AR,Arkansas,Lincoln,5079
OH,Ohio,Cuyahoga,39035
NE,Nebraska,Wayne,31179
MN,Minnesota,Yellow Medicine,27173
IN,Indiana,Clay,18021
WI,Wisconsin,Manitowoc,55071
OK,Oklahoma,Pontotoc,40123
IA,Iowa,Wright,19197
GA,Georgia,Cherokee,13057
KS,Kansas,Russell,20167
AK,Alaska,Yukon-Koyukuk,2290
MO,Missouri,Polk,29167
OK,Oklahoma,Cimarron,40025
ND,North Dakota,LaMoure,38045
MT,Montana,Chouteau,30015
TX,Texas,Duval,48131
FL,Florida,Charlotte,12015
MT,Montana,Teton,30099
TX,Texas,Shelby,48419
NC,North Carolina,Jones,37103
KS,Kansas,Neosho,20133
MI,Michigan,Dickinson,26043
WY,Wyoming,Laramie,56021
IN,Indiana,Kosciusko,18085
TX,Texas,McMullen,48311
TN,Tennessee,Wayne,47181
MN,Minnesota,Olmsted,27109
OK,Oklahoma,McCurtain,40089
VA,Virginia,Albemarle,51003
NV,Nevada,Humboldt,32013
SD,South Dakota,Meade,46093
MI,Michigan,Isabella,26073
WI,Wisconsin,Crawford,55023
SD,South Dakota,Grant,46051
TX,Texas,Robertson,48395
MO,Missouri,Jasper,29097
GA,Georgia,Catoosa,13047
MA,Massachusetts,Worcester,25027
VA,Virginia,Floyd,51063
MO,Missouri,Andrew,29003
OK,Oklahoma,Harper,40059
CO,Colorado,Eagle,8037
KY,Kentucky,Shelby,21211
CT,Connecticut,Litchfield,9005
VA,Virginia,Pittsylvania,51143
VA,Virginia,Northampton,51131
VA,Virginia,Botetourt,51023
KY,Kentucky,Adair,21001
TX,Texas,Mills,48333
TX,Texas,Kimble,48267
NE,Nebraska,Loup,31115
WV,West Virginia,Mercer,54055
WI,Wisconsin,Langlade,55067
TX,Texas,Titus,48449
AL,Alabama,Montgomery,1101
KY,Kentucky,Knox,21121
MO,Missouri,Carroll,29033
TX,Texas,Comanche,48093
AK,Alaska,Aleutians East,2013
CA,California,Inyo,6027
IL,Illinois,Randolph,17157
OH,Ohio,Mahoning,39099
NJ,New Jersey,Salem,34033
NC,North Carolina,Wilson,37195
NE,Nebraska,Nance,31125
OR,Oregon,Josephine,41033
TN,Tennessee,Gibson,47053
MS,Mississippi,Jefferson,28063
OK,Oklahoma,Johnston,40069
NM,New Mexico,Mora,35033
MI,Michigan,Ottawa,26139
MS,Mississippi,Noxubee,28103
MT,Montana,Prairie,30079
WI,Wisconsin,Waukesha,55133
TX,Texas,Milam,48331
AR,Arkansas,Sevier,5133
WI,Wisconsin,Dunn,55033
VA,Virginia,Colonial Heights,51570
IA,Iowa,Allamakee,19005
AR,Arkansas,Washington,5143
FL,Florida,Columbia,12023
ME,Maine,Sagadahoc,23023
TX,Texas,Nueces,48355
ME,Maine,Penobscot,23019
GA,Georgia,Fannin,13111
AL,Alabama,Colbert,1033
KY,Kentucky,Hancock,21091
ID,Idaho,Nez Perce,16069
FL,Florida,Pasco,12101
IN,Indiana,Fayette,18041
GA,Georgia,Pulaski,13235
NY,New York,Rensselaer,36083
IA,Iowa,Johnson,19103
NJ,New Jersey,Middlesex,34023
WV,West Virginia,Ohio,54069
TN,Tennessee,Bedford,47003
MI,Michigan,Huron,26063
MI,Michigan,Antrim,26009
GA,Georgia,Irwin,13155
SC,South Carolina,Georgetown,45043
PA,Pennsylvania,Jefferson,42065
AR,Arkansas,Crawford,5033
OR,Oregon,Grant,41023
NC,North Carolina,Vance,37181
OH,Ohio,Williams,39171
MN,Minnesota,Beltrami,27007
NY,New York,Bronx,36005
NV,Nevada,Carson City,32510
WY,Wyoming,Hot Springs,56017
FL,Florida,Gadsden,12039
NC,North Carolina,Burke,37023
KY,Kentucky,Oldham,21185
GA,Georgia,Jones,13169
ID,Idaho,Jefferson,16051
NE,Nebraska,Blaine,31009
SC,South Carolina,Beaufort,45013
MO,Missouri,Lewis,29111
TX,Texas,Ochiltree,48357
TN,Tennessee,Marshall,47117
KS,Kansas,Morris,20127
TX,Texas,Briscoe,48045
TX,Texas,Floyd,48153
VA,Virginia,Southampton,51175
IA,Iowa,Clarke,19039
NE,Nebraska,Dixon,31051
OH,Ohio,Allen,39003
FL,Florida,Manatee,12081
LA,Louisiana,East Carroll,22035
MO,Missouri,Saline,29195
MI,Michigan,Menominee,26109
NE,Nebraska,Thayer,31169
MA,Massachusetts,Berkshire,25003
WV,West Virginia,Wayne,54099
WI,Wisconsin,Polk,55095
MN,Minnesota,Fillmore,27045
IL,Illinois,Lake,17097
TN,Tennessee,Hickman,47081
MA,Massachusetts,Dukes,25007
SC,South Carolina,Pickens,45077
GA,Georgia,Wilkinson,13319
KS,Kansas,Decatur,20039
AL,Alabama,Greene,1063
TX,Texas,Lynn,48305
OH,Ohio,Clinton,39027
MS,Mississippi,Attala,28007
MN,Minnesota,Marshall,27089
PA,Pennsylvania,Beaver,42007
NC,North Carolina,Henderson,37089
VA,Virginia,Suffolk,51800
TN,Tennessee,Roane,47145
IN,Indiana,Madison,18095
MO,Missouri,Macon,29121
NH,New Hampshire,Cheshire,33005
WI,Wisconsin,Taylor,55119
FL,Florida,Flagler,12035
NC,North Carolina,Bladen,37017
NY,New York,Herkimer,36043
MI,Michigan,Gogebic,26053
VA,Virginia,Charles City,51036
TX,Texas,Chambers,48071
OH,Ohio,Ross,39141
IN,Indiana,Brown,18013
LA,Louisiana,Lafourche,22057
WY,Wyoming,Crook,56011
SD,South Dakota,Yankton,46135
WV,West Virginia,Barbour,54001
MO,Missouri,Lafayette,29107
NC,North Carolina,Wake,37183
IL,Illinois,Marshall,17123
NM,New Mexico,Do√É¬±a Ana,35013
KY,Kentucky,Edmonson,21061
NE,Nebraska,Johnson,31097
SD,South Dakota,Day,46037
IL,Illinois,DeKalb,17037
TX,Texas,Brazos,48041
MA,Massachusetts,Essex,25009
AR,Arkansas,Madison,5087
MI,Michigan,Mecosta,26107
WA,Washington,Mason,53045
MN,Minnesota,Le Sueur,27079
PA,Pennsylvania,Lancaster,42071
SC,South Carolina,Spartanburg,45083
IL,Illinois,Bureau,17011
NC,North Carolina,Northampton,37131
VA,Virginia,Culpeper,51047
OK,Oklahoma,Coal,40029
MO,Missouri,Atchison,29005
NC,North Carolina,Scotland,37165
SC,South Carolina,Bamberg,45009
KY,Kentucky,Knott,21119
TX,Texas,Presidio,48377
MO,Missouri,Clay,29047
TX,Texas,Dallas,48113
IA,Iowa,Pocahontas,19151
NV,Nevada,Douglas,32005
AL,Alabama,Choctaw,1023
MS,Mississippi,Humphreys,28053
MO,Missouri,Christian,29043
IN,Indiana,Harrison,18061
AK,Alaska,Denali,2068
MO,Missouri,Stoddard,29207
AR,Arkansas,Searcy,5129
KY,Kentucky,Rockcastle,21203
KS,Kansas,Sherman,20181
LA,Louisiana,Lafayette,22055
FL,Florida,Washington,12133
TN,Tennessee,Tipton,47167
NE,Nebraska,Cheyenne,31033
NM,New Mexico,Chaves,35005
WV,West Virginia,Morgan,54065
WI,Wisconsin,Winnebago,55139
VA,Virginia,Halifax,51083
VA,Virginia,Virginia Beach,51810
TX,Texas,Runnels,48399
KY,Kentucky,Butler,21031
TX,Texas,San Saba,48411
NE,Nebraska,Nemaha,31127
ND,North Dakota,Sargent,38081
VA,Virginia,Norton,51720
CT,Connecticut,Tolland,9013
WI,Wisconsin,Iowa,55049
GA,Georgia,Fulton,13121
ID,Idaho,Franklin,16041
MN,Minnesota,Pipestone,27117
IL,Illinois,Adams,17001
VA,Virginia,Prince William,51153
NY,New York,Tioga,36107
VT,Vermont,Bennington,50003
MI,Michigan,Keweenaw,26083
IL,Illinois,Cumberland,17035
VA,Virginia,Fairfax,51059
AR,Arkansas,Izard,5065
GA,Georgia,Peach,13225
WV,West Virginia,Hardy,54031
AL,Alabama,Macon,1087
PA,Pennsylvania,Delaware,42045
IA,Iowa,Union,19175
TX,Texas,DeWitt,48123
IA,Iowa,O'Brien,19141
MI,Michigan,Benzie,26019
KS,Kansas,Woodson,20207
MT,Montana,Granite,30039
VA,Virginia,Isle of Wight,51093
VA,Virginia,Madison,51113
NC,North Carolina,Johnston,37101
TN,Tennessee,Cannon,47015
IA,Iowa,Linn,19113
TX,Texas,Ward,48475
MS,Mississippi,Greene,28041
ND,North Dakota,Logan,38047
VA,Virginia,Fairfax City,51600
CO,Colorado,Boulder,8013
GA,Georgia,Jasper,13159
CA,California,Sierra,6091
NY,New York,Cortland,36023
WY,Wyoming,Uinta,56041
TN,Tennessee,Grundy,47061
IL,Illinois,Hamilton,17065
TX,Texas,Haskell,48207
NC,North Carolina,Davidson,37057
MN,Minnesota,Becker,27005
MT,Montana,Treasure,30103
GA,Georgia,Gordon,13129
SC,South Carolina,Oconee,45073
KY,Kentucky,Ohio,21183
TN,Tennessee,Lincoln,47103
OH,Ohio,Logan,39091
MS,Mississippi,Prentiss,28117
OH,Ohio,Ashland,39005
WI,Wisconsin,Ozaukee,55089
AZ,Arizona,Gila,4007
VT,Vermont,Windham,50025
WI,Wisconsin,Forest,55041
ME,Maine,Franklin,23007
NC,North Carolina,Richmond,37153
FL,Florida,Monroe,12087
ID,Idaho,Bingham,16011
KS,Kansas,Jefferson,20087
NE,Nebraska,Frontier,31063
GA,Georgia,Wheeler,13309
VA,Virginia,Orange,51137
TX,Texas,Nacogdoches,48347
MO,Missouri,Morgan,29141
AK,Alaska,Petersburg,2195
NC,North Carolina,Mecklenburg,37119
GA,Georgia,Macon,13193
CA,California,Lassen,6035
VA,Virginia,Lancaster,51103
VA,Virginia,Bath,51017
IL,Illinois,Pulaski,17153
NM,New Mexico,Roosevelt,35041
WA,Washington,Cowlitz,53015
LA,Louisiana,St. Charles,22089
OH,Ohio,Highland,39071
MN,Minnesota,Brown,27015
NY,New York,Chautauqua,36013
NC,North Carolina,Columbus,37047
PA,Pennsylvania,York,42133
KS,Kansas,Shawnee,20177
NY,New York,Franklin,36033
IL,Illinois,Warren,17187
KS,Kansas,Coffey,20031
GA,Georgia,Toombs,13279
OK,Oklahoma,Pushmataha,40127
ID,Idaho,Lewis,16061
SC,South Carolina,Lexington,45063
GA,Georgia,Oglethorpe,13221
NE,Nebraska,Adams,31001
MS,Mississippi,Clarke,28023
OR,Oregon,Curry,41015
MO,Missouri,Dunklin,29069
TX,Texas,Gonzales,48177
SC,South Carolina,Charleston,45019
IN,Indiana,Pike,18125
NJ,New Jersey,Gloucester,34015
MD,Maryland,Baltimore City,24510
KS,Kansas,Barber,20007
OR,Oregon,Benton,41003
CA,California,Riverside,6065
LA,Louisiana,Claiborne,22027
TX,Texas,Taylor,48441
WV,West Virginia,Cabell,54011
MS,Mississippi,Monroe,28095
TN,Tennessee,Montgomery,47125
AZ,Arizona,Mohave,4015
OK,Oklahoma,Osage,40113
ME,Maine,Somerset,23025
OH,Ohio,Preble,39135
KY,Kentucky,Calloway,21035
MN,Minnesota,Todd,27153
PA,Pennsylvania,Warren,42123
VA,Virginia,Chesapeake,51550
SC,South Carolina,Jasper,45053
MO,Missouri,St. Clair,29185
MI,Michigan,Montcalm,26117
FL,Florida,Osceola,12097
WI,Wisconsin,Clark,55019
IA,Iowa,Lee,19111
OR,Oregon,Lake,41037
MS,Mississippi,Oktibbeha,28105
TX,Texas,Jasper,48241
NY,New York,Otsego,36077
OH,Ohio,Greene,39057
TX,Texas,Kinney,48271
TX,Texas,Zapata,48505
NE,Nebraska,Sheridan,31161
UT,Utah,Piute,49031
NM,New Mexico,Hidalgo,35023
IN,Indiana,Starke,18149
VA,Virginia,Sussex,51183
KY,Kentucky,Wayne,21231
WV,West Virginia,Tyler,54095
ND,North Dakota,Cass,38017
MI,Michigan,Lenawee,26091
TX,Texas,Edwards,48137
MO,Missouri,Vernon,29217
MT,Montana,Sweet Grass,30097
TN,Tennessee,Coffee,47031
MN,Minnesota,Chisago,27025
ID,Idaho,Payette,16075
MI,Michigan,Eaton,26045
IN,Indiana,Bartholomew,18005
TX,Texas,Parmer,48369
KS,Kansas,Phillips,20147
IA,Iowa,Dallas,19049
WA,Washington,Walla Walla,53071
MN,Minnesota,Sibley,27143
TX,Texas,Erath,48143
NE,Nebraska,Perkins,31135
KS,Kansas,Pratt,20151
GA,Georgia,Taliaferro,13265
OK,Oklahoma,Kingfisher,40073
PA,Pennsylvania,Greene,42059
OK,Oklahoma,McClain,40087
PA,Pennsylvania,Luzerne,42079
SD,South Dakota,Hamlin,46057
DC,District of Columbia,District of Columbia,11001
MS,Mississippi,Washington,28151
MN,Minnesota,Houston,27055
KS,Kansas,Chase,20017
OH,Ohio,Monroe,39111
IN,Indiana,Miami,18103
NE,Nebraska,Custer,31041
VA,Virginia,Gloucester,51073
MT,Montana,Richland,30083
VA,Virginia,Frederick,51069
PA,Pennsylvania,Montour,42093
AL,Alabama,Lee,1081
PA,Pennsylvania,Bradford,42015
NC,North Carolina,Caldwell,37027
OK,Oklahoma,Beckham,40009
SD,South Dakota,Marshall,46091
TX,Texas,Camp,48063
CO,Colorado,Teller,8119
KY,Kentucky,Livingston,21139
TX,Texas,Bandera,48019
AL,Alabama,Escambia,1053
MO,Missouri,Cole,29051
MS,Mississippi,Yalobusha,28161
KS,Kansas,Marshall,20117
KY,Kentucky,Taylor,21217
CO,Colorado,Custer,8027
AR,Arkansas,Monroe,5095
IL,Illinois,Macon,17115
FL,Florida,Jefferson,12065
VA,Virginia,Amelia,51007
GA,Georgia,Baker,13007
VT,Vermont,Franklin,50011
MT,Montana,Missoula,30063
CA,California,Alameda,6001
WI,Wisconsin,Sawyer,55113
ND,North Dakota,Emmons,38029
NE,Nebraska,Wheeler,31183
AL,Alabama,Randolph,1111
ND,North Dakota,Ransom,38073
AR,Arkansas,Benton,5007
IL,Illinois,Iroquois,17075
WA,Washington,Kittitas,53037
NY,New York,Madison,36053
GA,Georgia,Bryan,13029
TX,Texas,Gillespie,48171
AR,Arkansas,Randolph,5121
TN,Tennessee,Bledsoe,47007
AR,Arkansas,Hempstead,5057
WV,West Virginia,Grant,54023
MI,Michigan,Cass,26027
TX,Texas,Wheeler,48483
NM,New Mexico,Sierra,35051
MO,Missouri,Harrison,29081
OH,Ohio,Wyandot,39175
IN,Indiana,Huntington,18069
GA,Georgia,Clinch,13065
WY,Wyoming,Sublette,56035
IN,Indiana,Wells,18179
IN,Indiana,Wabash,18169
TX,Texas,Aransas,48007
SD,South Dakota,Roberts,46109
AL,Alabama,Dallas,1047
KY,Kentucky,Anderson,21005
MO,Missouri,Osage,29151
VA,Virginia,Manassas,51683
OK,Oklahoma,Dewey,40043
PA,Pennsylvania,Columbia,42037
SD,South Dakota,Hutchinson,46067
WI,Wisconsin,Marquette,55077
TN,Tennessee,Decatur,47039
VA,Virginia,Richmond City,51760
ND,North Dakota,Griggs,38039
AL,Alabama,Chambers,1017
NY,New York,Onondaga,36067
AK,Alaska,Haines,2100
KY,Kentucky,Fulton,21075
WA,Washington,Chelan,53007
MO,Missouri,Bollinger,29017
NE,Nebraska,Garfield,31071
OH,Ohio,Huron,39077
SD,South Dakota,Fall River,46047
TN,Tennessee,Lake,47095
UT,Utah,Grand,49019
ID,Idaho,Clearwater,16035
UT,Utah,Sanpete,49039
CO,Colorado,Ouray,8091
AR,Arkansas,Chicot,5017
AL,Alabama,Shelby,1117
KS,Kansas,Ellsworth,20053
FL,Florida,Seminole,12117
CA,California,Stanislaus,6099
CO,Colorado,Arapahoe,8005
VA,Virginia,Wise,51195
SD,South Dakota,Kingsbury,46077
ND,North Dakota,Wells,38103
GA,Georgia,Dougherty,13095
GA,Georgia,Screven,13251
TX,Texas,Johnson,48251
NJ,New Jersey,Camden,34007
CA,California,Mariposa,6043
IL,Illinois,Perry,17145
MI,Michigan,Oceana,26127
TN,Tennessee,Hardeman,47069
MS,Mississippi,Leake,28079
KS,Kansas,Hodgeman,20083
SC,South Carolina,Colleton,45029
MI,Michigan,Shiawassee,26155
OK,Oklahoma,Sequoyah,40135
TX,Texas,Crosby,48107
OH,Ohio,Fayette,39047
NE,Nebraska,Kimball,31105
MD,Maryland,Allegany,24001
KY,Kentucky,Metcalfe,21169
GA,Georgia,Lowndes,13185
SD,South Dakota,Aurora,46003
OK,Oklahoma,Hughes,40063
TX,Texas,Marion,48315
OK,Oklahoma,Nowata,40105
MD,Maryland,Talbot,24041
MT,Montana,Daniels,30019
IN,Indiana,Putnam,18133
CO,Colorado,Huerfano,8055
FL,Florida,Volusia,12127
MO,Missouri,Daviess,29061
KS,Kansas,Cheyenne,20023
NE,Nebraska,Boyd,31015
VA,Virginia,Smyth,51173
OH,Ohio,Trumbull,39155
OH,Ohio,Meigs,39105
IA,Iowa,Henry,19087
IL,Illinois,Tazewell,17179
OR,Oregon,Malheur,41045
FL,Florida,Highlands,12055
NC,North Carolina,Anson,37007
PA,Pennsylvania,Philadelphia,42101
ND,North Dakota,Stutsman,38093
MI,Michigan,Tuscola,26157
RI,Rhode Island,Washington,44009
TX,Texas,Stonewall,48433
HI,Hawaii,Kauai,15007
TN,Tennessee,Overton,47133
MS,Mississippi,Lowndes,28087
MS,Mississippi,Leflore,28083
VA,Virginia,Buena Vista,51530
TX,Texas,Harris,48201
ND,North Dakota,Bottineau,38009
UT,Utah,Cache,49005
GA,Georgia,Washington,13303
ND,North Dakota,Morton,38059
AK,Alaska,Lake and Peninsula,2164
KY,Kentucky,Hickman,21105
IN,Indiana,Elkhart,18039
CA,California,Nevada,6057
LA,Louisiana,St. Landry,22097
MT,Montana,Garfield,30033
SD,South Dakota,Todd,46121
IA,Iowa,Butler,19023
CO,Colorado,Montrose,8085
LA,Louisiana,Assumption,22007
NC,North Carolina,Chatham,37037
ND,North Dakota,Eddy,38027
OK,Oklahoma,Choctaw,40023
VA,Virginia,Harrisonburg,51660
OH,Ohio,Van Wert,39161
OR,Oregon,Gilliam,41021
PA,Pennsylvania,Chester,42029
LA,Louisiana,Franklin,22041
AR,Arkansas,Little River,5081
SD,South Dakota,Clay,46027
CO,Colorado,San Juan,8111
MN,Minnesota,Kittson,27069
KY,Kentucky,Bell,21013
PA,Pennsylvania,Mifflin,42087
IL,Illinois,Fayette,17051
MT,Montana,Sanders,30089
OH,Ohio,Muskingum,39119
IN,Indiana,Newton,18111
MO,Missouri,Dallas,29059
NJ,New Jersey,Atlantic,34001
PA,Pennsylvania,Tioga,42117
TN,Tennessee,Washington,47179
TX,Texas,Matagorda,48321
GA,Georgia,Gilmer,13123
CT,Connecticut,Windham,9015
NE,Nebraska,Polk,31143
MI,Michigan,Macomb,26099
MO,Missouri,St. Louis,29189
NC,North Carolina,Orange,37135
SD,South Dakota,Faulk,46049
NE,Nebraska,Deuel,31049
OK,Oklahoma,Garvin,40049
TX,Texas,Baylor,48023
PA,Pennsylvania,Cameron,42023
GA,Georgia,Dooly,13093
IA,Iowa,Howard,19089
GA,Georgia,Charlton,13049
AL,Alabama,Jefferson,1073
KS,Kansas,Rice,20159
WA,Washington,Snohomish,53061
TX,Texas,Roberts,48393
KS,Kansas,Montgomery,20125
KY,Kentucky,Scott,21209
AR,Arkansas,Pope,5115
IA,Iowa,Ida,19093
CO,Colorado,Douglas,8035
TX,Texas,Donley,48129
AR,Arkansas,Johnson,5071
MA,Massachusetts,Suffolk,25025
OR,Oregon,Multnomah,41051
AL,Alabama,Geneva,1061
MO,Missouri,Marion,29127
MN,Minnesota,Washington,27163
AL,Alabama,Morgan,1103
MT,Montana,McCone,30055
IA,Iowa,Dickinson,19059
TN,Tennessee,Wilson,47189
WI,Wisconsin,Rock,55105
MO,Missouri,Wayne,29223
MN,Minnesota,Rock,27133
TX,Texas,Frio,48163
VA,Virginia,Williamsburg,51830
GA,Georgia,Calhoun,13037
NY,New York,Schuyler,36097
VT,Vermont,Orleans,50019
TX,Texas,Starr,48427
IA,Iowa,Mitchell,19131
CA,California,Calaveras,6009
ND,North Dakota,Grant,38037
MI,Michigan,Saginaw,26145
NC,North Carolina,Wilkes,37193
MO,Missouri,Howard,29089
AR,Arkansas,White,5145
AL,Alabama,Covington,1039
LA,Louisiana,Orleans,22071
NE,Nebraska,Cuming,31039
GA,Georgia,Columbia,13073
WY,Wyoming,Niobrara,56027
MI,Michigan,Clare,26035
IA,Iowa,Adams,19003
OH,Ohio,Brown,39015
IA,Iowa,Poweshiek,19157
NV,Nevada,Mineral,32021
CO,Colorado,Jackson,8057
TX,Texas,Williamson,48491
IA,Iowa,Polk,19153
MS,Mississippi,Winston,28159
FL,Florida,Putnam,12107
IL,Illinois,Cass,17017
WI,Wisconsin,Douglas,55031
IN,Indiana,Jefferson,18077
ID,Idaho,Canyon,16027
TX,Texas,Howard,48227
WV,West Virginia,McDowell,54047
CO,Colorado,Washington,8121
MS,Mississippi,Lafayette,28071
NY,New York,Niagara,36063
CA,California,Modoc,6049
TX,Texas,Tyler,48457
UT,Utah,Uintah,49047
FL,Florida,Calhoun,12013
AZ,Arizona,Pinal,4021
CA,California,Tulare,6107
CA,California,Yolo,6113
AL,Alabama,Blount,1009
CO,Colorado,Prowers,8099
OK,Oklahoma,Tillman,40141
AR,Arkansas,Craighead,5031
KS,Kansas,Geary,20061
IA,Iowa,Calhoun,19025
NC,North Carolina,Yancey,37199
AR,Arkansas,Garland,5051
MN,Minnesota,Mower,27099
MN,Minnesota,Aitkin,27001
FL,Florida,Gulf,12045
NM,New Mexico,Rio Arriba,35039
MO,Missouri,Caldwell,29025
NE,Nebraska,Banner,31007
SC,South Carolina,Edgefield,45037
OK,Oklahoma,Okmulgee,40111
GA,Georgia,Randolph,13243
CO,Colorado,Gilpin,8047
FL,Florida,Madison,12079
AK,Alaska,Ketchikan Gateway,2130
IA,Iowa,Chickasaw,19037
CA,California,Fresno,6019
TX,Texas,Throckmorton,48447
GA,Georgia,Effingham,13103
MN,Minnesota,Faribault,27043
NE,Nebraska,Hall,31079
OH,Ohio,Geauga,39055
TX,Texas,Coryell,48099
MO,Missouri,Perry,29157
TX,Texas,Palo Pinto,48363
LA,Louisiana,Webster,22119
KS,Kansas,Chautauqua,20019
GA,Georgia,Lee,13177
MS,Mississippi,Choctaw,28019
IN,Indiana,St. Joseph,18141
SD,South Dakota,Sanborn,46111
KY,Kentucky,Lawrence,21127
IL,Illinois,Moultrie,17139
SD,South Dakota,Brookings,46011
KY,Kentucky,Grant,21081
WA,Washington,Douglas,53017
MI,Michigan,Monroe,26115
NE,Nebraska,Logan,31113
GA,Georgia,Brooks,13027
MD,Maryland,Caroline,24011
VA,Virginia,Wythe,51197
OH,Ohio,Madison,39097
SD,South Dakota,McCook,46087
TX,Texas,Reagan,48383
NC,North Carolina,Alexander,37003
WV,West Virginia,Preston,54077
IA,Iowa,Hamilton,19079
OR,Oregon,Jefferson,41031
KS,Kansas,Pawnee,20145
IL,Illinois,Jefferson,17081
UT,Utah,San Juan,49037
MS,Mississippi,Union,28145
TX,Texas,Hamilton,48193
GA,Georgia,Walker,13295
KY,Kentucky,McCracken,21145
ND,North Dakota,Ward,38101
IL,Illinois,Woodford,17203
IN,Indiana,Franklin,18047
SC,South Carolina,Hampton,45049
TX,Texas,Liberty,48291
LA,Louisiana,Tangipahoa,22105
WV,West Virginia,Wood,54107
KS,Kansas,Ness,20135
ND,North Dakota,Nelson,38063
MN,Minnesota,Kanabec,27065
OH,Ohio,Delaware,39041
MT,Montana,Fallon,30025
AK,Alaska,Yakutat,2282
TX,Texas,Kaufman,48257
UT,Utah,Duchesne,49013
IA,Iowa,Boone,19015
CO,Colorado,Mesa,8077
IA,Iowa,Worth,19195
NE,Nebraska,Washington,31177
TX,Texas,Burnet,48053
KS,Kansas,Haskell,20081
GA,Georgia,Clarke,13059
KY,Kentucky,Robertson,21201
NC,North Carolina,Guilford,37081
GA,Georgia,Ben Hill,13017
IL,Illinois,Gallatin,17059
SC,South Carolina,Orangeburg,45075
IA,Iowa,Jefferson,19101
IN,Indiana,Hendricks,18063
IN,Indiana,LaGrange,18087
MI,Michigan,Arenac,26011
TN,Tennessee,Rutherford,47149
OR,Oregon,Washington,41067
KS,Kansas,Wallace,20199
OH,Ohio,Wayne,39169
OK,Oklahoma,Harmon,40057
VT,Vermont,Essex,50009
MN,Minnesota,Lake of the Woods,27077
TX,Texas,Shackelford,48417
GA,Georgia,Jackson,13157
WY,Wyoming,Johnson,56019
NY,New York,Allegany,36003
NC,North Carolina,Transylvania,37175
FL,Florida,DeSoto,12027
LA,Louisiana,East Baton Rouge,22033
WV,West Virginia,Nicholas,54067
NM,New Mexico,Valencia,35061
MI,Michigan,Houghton,26061
WA,Washington,Grays Harbor,53027
TN,Tennessee,Benton,47005
MI,Michigan,Jackson,26075
ID,Idaho,Idaho,16049
LA,Louisiana,Rapides,22079
GA,Georgia,Dade,13083
WI,Wisconsin,Columbia,55021
UT,Utah,Washington,49053
MO,Missouri,Jefferson,29099
IA,Iowa,Osceola,19143
VA,Virginia,Essex,51057
TX,Texas,Foard,48155
VA,Virginia,Rockingham,51165
MN,Minnesota,Sherburne,27141
TN,Tennessee,Marion,47115
MO,Missouri,Lawrence,29109
IL,Illinois,Alexander,17003
MN,Minnesota,Renville,27129
MO,Missouri,Scott,29201
PA,Pennsylvania,Dauphin,42043
KY,Kentucky,Clinton,21053
GA,Georgia,Turner,13287
TN,Tennessee,Henry,47079
NC,North Carolina,Swain,37173
IL,Illinois,LaSalle,17099
MO,Missouri,Moniteau,29135
MN,Minnesota,Mahnomen,27087
GA,Georgia,Hart,13147
TX,Texas,Denton,48121
KS,Kansas,Dickinson,20041
KS,Kansas,Wyandotte,20209
MO,Missouri,Carter,29035
NC,North Carolina,Forsyth,37067
IN,Indiana,Grant,18053
WV,West Virginia,Mineral,54057
IA,Iowa,Floyd,19067
TN,Tennessee,Smith,47159
AR,Arkansas,Desha,5041
AL,Alabama,Marshall,1095
AL,Alabama,Coffee,1031
NC,North Carolina,Gaston,37071
AR,Arkansas,Perry,5105
CA,California,Kern,6029
TX,Texas,Borden,48033
IA,Iowa,Mahaska,19123
NE,Nebraska,Madison,31119
AK,Alaska,Aleutians West,2016
MO,Missouri,St. Louis City,29510
TX,Texas,Midland,48329
VA,Virginia,Highland,51091
KS,Kansas,Stevens,20189
AL,Alabama,Tuscaloosa,1125
NY,New York,Sullivan,36105
MS,Mississippi,Jasper,28061
KY,Kentucky,Bracken,21023
AR,Arkansas,Sharp,5135
MI,Michigan,Otsego,26137
WI,Wisconsin,Kenosha,55059
WI,Wisconsin,Washington,55131
CO,Colorado,Lake,8065
NC,North Carolina,Cabarrus,37025
IL,Illinois,White,17193
TN,Tennessee,Madison,47113
NY,New York,Washington,36115
TX,Texas,Nolan,48353
GA,Georgia,Fayette,13113
IA,Iowa,Shelby,19165
MO,Missouri,Clark,29045
MN,Minnesota,Wright,27171
PA,Pennsylvania,Forest,42053
MT,Montana,Lake,30047
LA,Louisiana,Bossier,22015
GA,Georgia,Polk,13233
SD,South Dakota,Charles Mix,46023
FL,Florida,Palm Beach,12099
IL,Illinois,Clay,17025
OK,Oklahoma,Caddo,40015
AK,Alaska,Skagway,2230
AR,Arkansas,Arkansas,5001
WV,West Virginia,Lincoln,54043
MN,Minnesota,Crow Wing,27035
CO,Colorado,Clear Creek,8019
CA,California,Santa Barbara,6083
MT,Montana,Custer,30017
TX,Texas,Uvalde,48463
FL,Florida,Bay,12005
GA,Georgia,Miller,13201
TX,Texas,Llano,48299
VA,Virginia,Montgomery,51121
TX,Texas,Irion,48235
IA,Iowa,Cass,19029
MN,Minnesota,Blue Earth,27013
FL,Florida,Franklin,12037
AR,Arkansas,Cleburne,5023
SC,South Carolina,Barnwell,45011
MT,Montana,Yellowstone,30111
GA,Georgia,Johnson,13167
NC,North Carolina,Lincoln,37109
MN,Minnesota,Norman,27107
KS,Kansas,Lincoln,20105
NC,North Carolina,Person,37145
TX,Texas,Coke,48081
VA,Virginia,New Kent,51127
FL,Florida,Lee,12071
AK,Alaska,Matanuska-Susitna,2170
KS,Kansas,Kingman,20095
NC,North Carolina,McDowell,37111
KY,Kentucky,Caldwell,21033
KS,Kansas,Greeley,20071
WI,Wisconsin,Portage,55097
OK,Oklahoma,Woods,40151
NE,Nebraska,Stanton,31167
NE,Nebraska,Douglas,31055
VA,Virginia,Patrick,51141
ME,Maine,Lincoln,23015
OH,Ohio,Hancock,39063
CT,Connecticut,Hartford,9003
TX,Texas,Mitchell,48335
MS,Mississippi,Sharkey,28125
IL,Illinois,Menard,17129
WV,West Virginia,Calhoun,54013
MO,Missouri,Platte,29165
GA,Georgia,Wilkes,13317
ND,North Dakota,Mercer,38057
VA,Virginia,James City,51095
VA,Virginia,Brunswick,51025
TN,Tennessee,Carroll,47017
NY,New York,Hamilton,36041
OH,Ohio,Crawford,39033
CA,California,Orange,6059
TN,Tennessee,Cheatham,47021
OR,Oregon,Union,41061
MO,Missouri,Benton,29015
KY,Kentucky,Greenup,21089
PA,Pennsylvania,Schuylkill,42107
IN,Indiana,Tippecanoe,18157
ID,Idaho,Bonneville,16019
MS,Mississippi,Covington,28031
IL,Illinois,Kane,17089
TX,Texas,Grimes,48185
NH,New Hampshire,Hillsborough,33011
NC,North Carolina,Dare,37055
IN,Indiana,Orange,18117
IL,Illinois,St. Clair,17163
TN,Tennessee,Franklin,47051
WI,Wisconsin,Buffalo,55011
OK,Oklahoma,Le Flore,40079
VA,Virginia,Buckingham,51029
SC,South Carolina,Newberry,45071
GA,Georgia,Murray,13213
KY,Kentucky,Pendleton,21191
WV,West Virginia,Berkeley,54003
OK,Oklahoma,Pittsburg,40121
MD,Maryland,Harford,24025
MS,Mississippi,Montgomery,28097
NM,New Mexico,McKinley,35031
OH,Ohio,Perry,39127
CA,California,San Diego,6073
OH,Ohio,Licking,39089
ID,Idaho,Twin Falls,16083
MS,Mississippi,Tallahatchie,28135
WI,Wisconsin,Adams,55001
TN,Tennessee,Humphreys,47085
GA,Georgia,Paulding,13223
GA,Georgia,Habersham,13137
KY,Kentucky,Magoffin,21153
FL,Florida,Nassau,12089
IN,Indiana,Clinton,18023
CA,California,Siskiyou,6093
NC,North Carolina,Cleveland,37045
WA,Washington,San Juan,53055
WV,West Virginia,Roane,54087
IA,Iowa,Webster,19187
OK,Oklahoma,Major,40093
AZ,Arizona,Graham,4009
TX,Texas,Kerr,48265
KY,Kentucky,Carter,21043
MS,Mississippi,DeSoto,28033
NY,New York,Richmond,36085
KS,Kansas,Saline,20169
TX,Texas,Wise,48497